type,title,micro_summary,summary,tags,access_mode,url
academic_secretariat,המזכירות האקדמית,המזכירות האקדמית,"עמוד ללמוד אצלנו לפורטל האישי לסגל תפריט להרשמה המזכירות האקדמית על אודות תקנון ונהלים שנתון ולוח שנה משמעת ואתיקה מלגות, קרנות ופרסים אתרים קשורים צרו קשר פנייה טלפון…","מזכירות אקדמית, מלגות, הרשמה, תואר ראשון, סגל",login_required,https://bgu.ac.il/u/academic-affairs/acadsec
academic_secretariat,צרו קשר עם המזכירות האקדמית,צרו קשר עם המזכירות האקדמית,"המזכירות האקדמית צרו קשר צרו קשר ליאל חג'ג'​​ - רכזת ועדות משמעת וחריגים lielm@bgu | il יוליה סנדלר - נוהל בחינות, תקנון אקדמי, לוחות שנה, חוק זכויות הסטודנט, פרסי…","מזכירות אקדמית, הרשמה, יצירת קשר",public,https://bgu.ac.il/u/academic-affairs/acadsec/contact
academic_secretariat,שנתונים אוניברסיטת בן-גוריון בנגב,שנתונים אוניברסיטת בן-גוריון בנגב,"המזכירות האקדמית שנתונים שנתונים בעמוד זה תוכלו למצוא את שנתון האוניברסיטה: הפרק הכללי ושנתוני הפקולטות שנתון האוניברסיטה - הפרק הכללי: לעיון בשנתון העדכני לשנת תשפ""ו…","מזכירות אקדמית, שנתון",public,https://bgu.ac.il/u/rector/acadsec/shnaton
admissions_registration_programs,LEADERS | תוכנית הכשרה למנהיגות יזמית,LEADERS | תוכנית הכשרה למנהיגות יזמית,"בוגרים ובוגרות צוות של לידרים יזמות 360 הרשמה ל-LEADERS מנהיגות יזמית תוכנית מעשית לפיתוח אישי ומקצועי באמצעות התנסות וסדנאות חוויתיות לא ""עוד קורס"" זו לא עוד שורה…","קבלה/הרשמה, הרשמה",public,https://bgu.ac.il/yazamut360/he/leaders
admissions_registration_programs,LEADERS – תוכנית לפיתוח אישי ויזמי לסטודנטים וסטודנטיות ב־BGU,LEADERS – תוכנית לפיתוח אישי ויזמי לסטודנטים וסטודנטיות ב־BG,בוגרים ובוגרות צוות של לידרים יזמות 360 הרשמה ל-LEADERS למה להירשם ל-LEADERS | LEADERS היא לא עוד קורס אקדמי ולא עוד תוכנית לסטארטאפיסטים,"קבלה/הרשמה, הרשמה",public,https://bgu.ac.il/yazamut360/he/leaders/whyleaders
admissions_registration_programs,Students Think Innovation | אתגרים ציבוריים,Students Think Innovation | אתגרים ציבוריים,"לאתגרים צוות התוכנית Yazamut 360 להרשמה אתגרי התחרות ""הצורך הוא אבי ההמצאה"" ~ אפלטון הטיקטים של משרדי הממשלה פיצחנו את האלגוריתם לפתרון אתגרים ציבוריים: כל שנה, השותפים…","קבלה/הרשמה, הרשמה",public,https://bgu.ac.il/yazamut360/he/sti/sti-challenges
admissions_registration_programs,Students Think Innovation | על התוכנית,Students Think Innovation | על התוכנית,"לאתגרים צוות התוכנית Yazamut 360 להרשמה עברית Hello World, קצת עליי, אסתי | כי STI Hack the System - חדשנות במגזר הציבורי תחרות Students Think Innovation מתמקדת בפיתוח…","קבלה/הרשמה, הרשמה",public,https://bgu.ac.il/yazamut360/he/sti/about-sti
admissions_registration_programs,אקוסיסטר: מעטפת לסטודנטיות במדע והנדסה בבן-גוריון,אקוסיסטר: מעטפת לסטודנטיות במדע והנדסה בבן-גוריון,למועמדים ולמועמדות אקוסיסטר - אנחנו רוצים אותָך | אקוסיסטר - אנחנו רוצים אותָך,קבלה/הרשמה,public,https://bgu.ac.il/welcome/contents/after-admission/ecosister
admissions_registration_programs,הצוות: מערכת ההפעלה של תוכנית STI,הצוות: מערכת ההפעלה של תוכנית STI,לאתגרים צוות התוכנית Yazamut 360 להרשמה עברית הצוות: מערכת ההפעלה של התוכנית הצוות הוא המעבד שמריץ הכול | ה-CPU אם תרצו אייר דורון הכוח המניע מאחורי התוכנית Students…,"קבלה/הרשמה, הרשמה",public,https://bgu.ac.il/yazamut360/he/sti/sti-team
admissions_registration_programs,הרשמה לאוניברסיטת בן-גוריון בנגב,הרשמה לאוניברסיטת בן-גוריון בנגב,"למועמדים ולמועמדות הרשמה לאוניברסיטת בן-גוריון בנגב הרשמה לאוניברסיטת בן-גוריון בנגב ההרשמה לסמסטר סתו תשפ""ז פתוחה החלטת להירשם | טרם ההרשמה, חלה חובה על​ כל המועמדים…","קבלה/הרשמה, הרשמה",public,https://bgu.ac.il/welcome/register
admissions_registration_programs,יזמות סטודנטיאלית. אתגרי ממשלה. תמיכה מגוגל.,יזמות סטודנטיאלית. אתגרי ממשלה. תמיכה מגוגל.,לאתגרים צוות התוכנית Yazamut 360 להרשמה יזמות | השפעהציבורית יש אתגרים ששווה לפתור,"קבלה/הרשמה, הרשמה",public,https://bgu.ac.il/yazamut360/he/sti
admissions_registration_programs,"לימודי כלכלה, חשבונאות ומנהל עסקים לתואר ראשון","לימודי כלכלה, חשבונאות ומנהל עסקים לתואר ראשון",למועמדים ולמועמדות תואר ראשון באוניברסיטת בן-גוריון בנגב תואר ראשון בכלכלה/כלכלה וחשבונאות הרישום פתוח תואר ראשון בכלכלה/כלכלה וחשבונאות קמפוס באר שבע תקופת לימוד 3 שנים…,"קבלה/הרשמה, תואר ראשון",public,https://bgu.ac.il/welcome/ba/catalog/categories/economics-and-business-management
admissions_registration_programs,לימודי רפואה באוניברסיטת בן-גוריון בנגב,לימודי רפואה באוניברסיטת בן-גוריון בנגב,למועמדים ולמועמדות תואר ראשון באוניברסיטת בן-גוריון בנגב לימודי רפואה הרישום סגור לימודי רפואה קמפוס באר שבע תקופת לימוד 7 שנים תואר מוענק | D דוקטור לרפואה הרישום סגור…,"קבלה/הרשמה, תואר ראשון, דוקטורט",public,https://bgu.ac.il/welcome/ba/catalog/categories/medical-school
admissions_registration_programs,לימודי תואר ראשון בהנדסה כימית באוניברסיטת בן-גוריון בנגב,לימודי תואר ראשון בהנדסה כימית באוניברסיטת בן-גוריון בנגב,למועמדים ולמועמדות תואר ראשון באוניברסיטת בן-גוריון בנגב תואר ראשון בהנדסה כימית הרישום פתוח תואר ראשון בהנדסה כימית קמפוס באר שבע תקופת לימוד 4 שנים תואר מוענק B,"קבלה/הרשמה, תואר ראשון",public,https://bgu.ac.il/welcome/ba/catalog/categories/chemical-engineering
admissions_registration_programs,לימודי תואר ראשון בהנדסת תעשייה וניהול,לימודי תואר ראשון בהנדסת תעשייה וניהול,למועמדים ולמועמדות תואר ראשון באוניברסיטת בן-גוריון בנגב תואר ראשון בהנדסת תעשייה וניהול הרישום פתוח תואר ראשון בהנדסת תעשייה וניהול קמפוס באר שבע תקופת לימוד 4 שנים…,"קבלה/הרשמה, תואר ראשון",public,https://bgu.ac.il/welcome/ba/catalog/categories/industrial-engineering
admissions_registration_programs,לימודי תואר ראשון בפסיכולוגיה,לימודי תואר ראשון בפסיכולוגיה,למועמדים ולמועמדות תואר ראשון באוניברסיטת בן-גוריון בנגב תואר ראשון בפסיכולוגיה הרישום פתוח תואר ראשון בפסיכולוגיה קמפוס באר שבע | אילת תקופת לימוד 3 שנים תואר מוענק B,"קבלה/הרשמה, תואר ראשון",public,https://bgu.ac.il/welcome/ba/catalog/categories/psychology
admissions_registration_programs,לימודי תואר שני בפסיכולוגיה,לימודי תואר שני בפסיכולוגיה,למועמדים ולמועמדות כל תוכניות הלימודים לתואר שני תואר שני בפסיכולוגיה הרישום פתוח תואר שני בפסיכולוגיה קמפוס באר שבע תקופת לימוד 2 שנים תואר מוענק M | A בפסיכולוגיה…,"קבלה/הרשמה, הרשמה, תואר שני",public,https://bgu.ac.il/welcome/ma/catalog/categories/psychology-master
admissions_registration_programs,לימודי תעודת הוראה ופיתוח מקצועי,לימודי תעודת הוראה ופיתוח מקצועי,למועמדים ולמועמדות כל תוכניות הלימודים לתואר שני לימודי תעודת הוראה הרישום פתוח לימודי תעודת הוראה קמפוס באר שבע | אילת תקופת לימוד שנה/שנתיים תעודה מוענקת תעודת הוראה…,"קבלה/הרשמה, הרשמה, תואר שני",public,https://bgu.ac.il/welcome/ma/catalog/categories/teaching-certificate
admissions_registration_programs,"לימודים באוניברסיטת בן-גוריון בנגב: תוכניות, תארים ותנאי קבלה","תוכניות, תארים ותנאי קבלה",למועמדים ולמועמדות למועמדים ולמועמדות ההרשמה ללימודים פתוחה הרשמה לאוניברסיטה תוכניות לימודים שכדאי להכיר כל תוכניות התואר הראשון כל תוכניות התואר השני לימודי המשך…,"קבלה/הרשמה, תנאי קבלה, הרשמה, תואר ראשון",public,https://bgu.ac.il/welcome
admissions_registration_programs,מדעי האֲחָיוּת (סיעוד) באילת,מדעי האֲחָיוּת (סיעוד) באילת,למועמדים ולמועמדות תואר ראשון באוניברסיטת בן-גוריון בנגב תואר ראשון במדעי האֲחָיוּת (סיעוד) הרישום פתוח תואר ראשון במדעי האֲחָיוּת (סיעוד) קמפוס באר שבע,"קבלה/הרשמה, תואר ראשון",public,https://bgu.ac.il/welcome/ba/catalog/categories/nursing/eilat
admissions_registration_programs,מה צריך לדעת על תנאי הקבלה לתואר שני לפני ההרשמה? | אוניברסיטת בן-גוריון,מה צריך לדעת על תנאי הקבלה לתואר שני לפני ההרשמה? | אוניברסי,למועמדים ולמועמדות הבלוג כל מה שצריך לדעת לקראת הלימודים באוניברסיטה מה צריך לדעת על תנאי הקבלה לתואר שני לפני ההרשמה | מה צריך לדעת על תנאי הקבלה לתואר שני לפני ההרשמה,"קבלה/הרשמה, הרשמה, תואר שני",public,https://bgu.ac.il/welcome/blog/articles/admission-requirements-for-a-masters-degree
admissions_registration_programs,מידע למתקבלים לאוניברסיטה ולסטודנטים חדשים בתואר שני,מידע למתקבלים לאוניברסיטה ולסטודנטים חדשים בתואר שני,"למועמדים ולמועמדות אחרי שהתקבלת ללימודי תואר שני - מה עכשיו | מועדי פתיחת הלימודים סמסטר סתו (א') תשפ""ו שנת הלימודים תשפ""ו (סמסטר סתו - א') נפתחה ביום א' 26","קבלה/הרשמה, תואר שני",public,https://bgu.ac.il/welcome/contents/after-admission/after-being-accepted-to-bgu-ma
admissions_registration_programs,"פרטי תוכנית LEADERS – כל מה שצריך לדעת על מבנה התוכנית, התכנים והחוויה","פרטי תוכנית LEADERS – כל מה שצריך לדעת על מבנה התוכנית, התכנ",בוגרים ובוגרות צוות של לידרים יזמות 360 הרשמה ל-LEADERS פרטי תוכנית LEADERS חוויית לימודים אחרת ב־LEADERS לא רק לומדים יזמות – חווים אותה שלב אחר שלב,"קבלה/הרשמה, הרשמה",public,https://bgu.ac.il/yazamut360/he/leaders/leadersdetails
admissions_registration_programs,צוות של LEADERS,צוות של LEADERS,בוגרים ובוגרות צוות של לידרים יזמות 360 הרשמה ל-LEADERS צוות של LEADERS הכירו את הלידרים שמובילים את תוכנית LEADERS גדי בהט מוביל התוכניות האקדמיות גדי בהט הוא יזם…,"קבלה/הרשמה, הרשמה",public,https://bgu.ac.il/yazamut360/he/leaders/leadersteam
admissions_registration_programs,קורסים בתואר ראשון במדעי האֲחָיוּת (סיעוד) באוניברסיטת בן-גוריון בנגב,קורסים בתואר ראשון במדעי האֲחָיוּת (סיעוד) באוניברסיטת בן-גו,למועמדים ולמועמדות תואר ראשון באוניברסיטת בן-גוריון בנגב תואר ראשון במדעי האֲחָיוּת (סיעוד) הרישום פתוח תואר ראשון במדעי האֲחָיוּת (סיעוד) קמפוס באר שבע,"קבלה/הרשמה, תואר ראשון",public,https://bgu.ac.il/welcome/ba/catalog/categories/nursing/courses
admissions_registration_programs,קטלוג תוכניות לימודים - המרכז האוניברסיטאי ללימודי חוץ,קטלוג תוכניות לימודים - המרכז האוניברסיטאי ללימודי חוץ,"למועמדים ולמועמדות המרכז האוניברסיטאי ללימודי חוץ רוצה להתחיל ללמוד | גלו את התוכנית המתאימה לכם ביותר, מבין מגוון התוכניות האיכותיות שלנו צרו קשר רוצה להתחיל ללמוד",קבלה/הרשמה,public,https://bgu.ac.il/welcome/external-studies-center/catalogue
admissions_registration_programs,תהליך המיון לתוכנית LEADERS – איך מתקבלים לתוכנית היזמות היוקרתית?,תהליך המיון לתוכנית LEADERS – איך מתקבלים לתוכנית היזמות היו,"בוגרים ובוגרות צוות של לידרים יזמות 360 הרשמה ל-LEADERS תהליך המיון ל-LEADERS להיות חלק מקבוצה מצוינת תהליך המיון ל־LEADERS לא קצר, ולא לגמרי פשוט – וזה לגמרי בכוונה","קבלה/הרשמה, הרשמה",public,https://bgu.ac.il/yazamut360/he/leaders/leadersapplication
admissions_registration_programs,תואר ראשון באוניברסיטת בן-גוריון בנגב | קטלוג תוכניות לימודים BA,קטלוג תוכניות לימודים BA,"למועמדים ולמועמדות תואר ראשון באוניברסיטת בן-גוריון בנגב תואר ראשון באוניברסיטת בן-גוריון בנגב ההרשמה לסמסטר סתו תשפ""ז (אוקטובר 2026) פתוחה | מה אפשר ללמוד אצלנו לתואר…","קבלה/הרשמה, הרשמה, תואר ראשון",public,https://bgu.ac.il/welcome/ba/catalog
admissions_registration_programs,תואר ראשון בארכיאולוגיה באוניברסיטת בן-גוריון בנגב,תואר ראשון בארכיאולוגיה באוניברסיטת בן-גוריון בנגב,למועמדים ולמועמדות תואר ראשון באוניברסיטת בן-גוריון בנגב תואר ראשון בארכיאולוגיה הרישום פתוח תואר ראשון בארכיאולוגיה קמפוס באר שבע תקופת לימוד 3 שנים תואר מוענק B,"קבלה/הרשמה, תואר ראשון",public,https://bgu.ac.il/welcome/ba/catalog/categories/archaeology
admissions_registration_programs,תואר ראשון בביולוגיה ימית,תואר ראשון בביולוגיה ימית,למועמדים ולמועמדות תואר ראשון באוניברסיטת בן-גוריון בנגב ביולוגיה וביוטכנולוגיה ימית - מדעי החיים הרישום פתוח ביולוגיה וביוטכנולוגיה ימית - מדעי החיים קמפוס באר שבע,"קבלה/הרשמה, תואר ראשון",public,https://bgu.ac.il/welcome/ba/catalog/categories/biology-and-marine-biotechnology
admissions_registration_programs,תואר ראשון בבלשנות באוניברסיטת בן-גוריון בנגב,תואר ראשון בבלשנות באוניברסיטת בן-גוריון בנגב,למועמדים ולמועמדות תואר ראשון באוניברסיטת בן-גוריון בנגב תואר ראשון בבלשנות הרישום פתוח תואר ראשון בבלשנות קמפוס באר שבע תקופת לימוד 3 שנים תואר מוענק B,"קבלה/הרשמה, תואר ראשון",public,https://bgu.ac.il/welcome/ba/catalog/categories/linguistics
admissions_registration_programs,תואר ראשון בהיסטוריה כללית,תואר ראשון בהיסטוריה כללית,למועמדים ולמועמדות תואר ראשון באוניברסיטת בן-גוריון בנגב תואר ראשון בהיסטוריה כללית הרישום פתוח תואר ראשון בהיסטוריה כללית קמפוס באר שבע תקופת לימוד 3 שנים תואר מוענק B,"קבלה/הרשמה, תואר ראשון",public,https://bgu.ac.il/welcome/ba/catalog/categories/history
admissions_registration_programs,תואר ראשון בהיסטוריה של עם ישראל באוניברסיטת בן-גוריון בגנב,תואר ראשון בהיסטוריה של עם ישראל באוניברסיטת בן-גוריון בגנב,למועמדים ולמועמדות תואר ראשון באוניברסיטת בן-גוריון בנגב תואר ראשון בהיסטוריה של עם ישראל הרישום פתוח תואר ראשון בהיסטוריה של עם ישראל קמפוס באר שבע תקופת לימוד 3 שנים…,"קבלה/הרשמה, תואר ראשון",public,https://bgu.ac.il/welcome/ba/catalog/categories/history-of-israel
admissions_registration_programs,תואר ראשון בהנדסה ביו-רפואית באוניבסיטת בן-גוריון בנגב,תואר ראשון בהנדסה ביו-רפואית באוניבסיטת בן-גוריון בנגב,למועמדים ולמועמדות תואר ראשון באוניברסיטת בן-גוריון בנגב תואר ראשון בהנדסה ביו-רפואית הרישום פתוח תואר ראשון בהנדסה ביו-רפואית קמפוס באר שבע תקופת לימוד 4 שנים תואר…,"קבלה/הרשמה, תואר ראשון",public,https://bgu.ac.il/welcome/ba/catalog/categories/biomedical-engineering
admissions_registration_programs,תואר ראשון בהנדסת חומרים באוניברסיטת בן-גוריון בנגב,תואר ראשון בהנדסת חומרים באוניברסיטת בן-גוריון בנגב,למועמדים ולמועמדות תואר ראשון באוניברסיטת בן-גוריון בנגב תואר ראשון בהנדסת חומרים הרישום פתוח תואר ראשון בהנדסת חומרים קמפוס באר שבע תקופת לימוד 4 שנים תואר מוענק B,"קבלה/הרשמה, תואר ראשון",public,https://bgu.ac.il/welcome/ba/catalog/categories/materials-engineering
admissions_registration_programs,תואר ראשון בהנדסת חשמל ומחשבים באוניברסיטת בן-גוריון בנגב,תואר ראשון בהנדסת חשמל ומחשבים באוניברסיטת בן-גוריון בנגב,למועמדים ולמועמדות תואר ראשון באוניברסיטת בן-גוריון בנגב תואר ראשון בהנדסת חשמל ומחשבים הרישום פתוח תואר ראשון בהנדסת חשמל ומחשבים קמפוס באר שבע תקופת לימוד 4 שנים תואר…,"קבלה/הרשמה, תואר ראשון",public,https://bgu.ac.il/welcome/ba/catalog/categories/electrical-computer-engineering
admissions_registration_programs,תואר ראשון בהנדסת מחשבים באוניברסיטת בן-גוריון בנגב,תואר ראשון בהנדסת מחשבים באוניברסיטת בן-גוריון בנגב,למועמדים ולמועמדות תואר ראשון באוניברסיטת בן-גוריון בנגב תואר ראשון בהנדסת מחשבים הרישום פתוח תואר ראשון בהנדסת מחשבים קמפוס באר שבע תקופת לימוד 4 שנים תואר מוענק B,"קבלה/הרשמה, תואר ראשון",public,https://bgu.ac.il/welcome/ba/catalog/categories/computer-engineering
admissions_registration_programs,תואר ראשון בהנדסת מכונות באוניברסיטת בן-גוריון בנגב,תואר ראשון בהנדסת מכונות באוניברסיטת בן-גוריון בנגב,למועמדים ולמועמדות תואר ראשון באוניברסיטת בן-גוריון בנגב תואר ראשון בהנדסת מכונות הרישום פתוח תואר ראשון בהנדסת מכונות קמפוס באר שבע תקופת לימוד 4 שנים תואר מוענק B,"קבלה/הרשמה, תואר ראשון",public,https://bgu.ac.il/welcome/ba/catalog/categories/mechanical-engineering
admissions_registration_programs,תואר ראשון בחינוך באוניברסיטת בן-גוריון בנגב,תואר ראשון בחינוך באוניברסיטת בן-גוריון בנגב,למועמדים ולמועמדות תואר ראשון באוניברסיטת בן-גוריון בנגב תואר ראשון בחינוך הרישום פתוח תואר ראשון בחינוך קמפוס באר שבע | אילת 3 שנים תקופת לימוד תואר מוענק B,"קבלה/הרשמה, תואר ראשון",public,https://bgu.ac.il/welcome/ba/catalog/categories/education
admissions_registration_programs,תואר ראשון ביזמות וחדשנות - באוניברסיטת בן-גוריון בנגב,תואר ראשון ביזמות וחדשנות - באוניברסיטת בן-גוריון בנגב,למועמדים ולמועמדות תואר ראשון באוניברסיטת בן-גוריון בנגב תואר ראשון ביזמות וחדשנות הרישום פתוח תואר ראשון ביזמות וחדשנות קמפוס באר שבע 3 שנים תקופת לימוד תואר מוענק B,"קבלה/הרשמה, תואר ראשון",public,https://bgu.ac.il/welcome/ba/catalog/categories/entrepreneur-management
admissions_registration_programs,תואר ראשון בכימיה באוניברסיטת בן-גוריון בנגב,תואר ראשון בכימיה באוניברסיטת בן-גוריון בנגב,למועמדים ולמועמדות תואר ראשון באוניברסיטת בן-גוריון בנגב תואר ראשון בכימיה הרישום פתוח תואר ראשון בכימיה קמפוס באר שבע תקופת לימוד 3 שנים תואר מוענק B | כימיה הרישום…,"קבלה/הרשמה, תואר ראשון",public,https://bgu.ac.il/welcome/ba/catalog/categories/chemistry
admissions_registration_programs,תואר ראשון בלימודי אפריקה באוניברסיטת בן-גוריון בנגב,תואר ראשון בלימודי אפריקה באוניברסיטת בן-גוריון בנגב,למועמדים ולמועמדות תואר ראשון באוניברסיטת בן-גוריון בנגב תואר ראשון בלימודי אפריקה הרישום פתוח תואר ראשון בלימודי אפריקה קמפוס באר שבע תקופת לימוד 3 שנים תואר מוענק B,"קבלה/הרשמה, תואר ראשון",public,https://bgu.ac.il/welcome/ba/catalog/categories/africa-studies
admissions_registration_programs,"תואר ראשון בלימודי במדעי הסביבה, גאואינפורמטיקה ותכנון ערים","תואר ראשון בלימודי במדעי הסביבה, גאואינפורמטיקה ותכנון ערים","למועמדים ולמועמדות תואר ראשון באוניברסיטת בן-גוריון בנגב לימודים במחלקה למדעי הסביבה, גיאואינפורמטיקה ותכנון ערים הרישום פתוח לימודים במחלקה למדעי הסביבה,…","קבלה/הרשמה, תואר ראשון",public,https://bgu.ac.il/welcome/ba/catalog/categories/geography-environmental
admissions_registration_programs,תואר ראשון בלימודי המזרח התיכון באוניברסיטת בן-גוריון בנגב,תואר ראשון בלימודי המזרח התיכון באוניברסיטת בן-גוריון בנגב,למועמדים ולמועמדות תואר ראשון באוניברסיטת בן-גוריון בנגב תואר ראשון בלימודי המזרח התיכון הרישום פתוח תואר ראשון בלימודי המזרח התיכון קמפוס באר שבע תקופת לימוד 3 שנים…,"קבלה/הרשמה, תואר ראשון",public,https://bgu.ac.il/welcome/ba/catalog/categories/middle-eastern-studies
admissions_registration_programs,תואר ראשון בלימודי מדינת ישראל,תואר ראשון בלימודי מדינת ישראל,למועמדים ולמועמדות תואר ראשון באוניברסיטת בן-גוריון בנגב תואר ראשון בלימודי מדינת ישראל הרישום פתוח תואר ראשון בלימודי מדינת ישראל קמפוס באר שבע תקופת לימוד 3 שנים תואר…,"קבלה/הרשמה, תואר ראשון",public,https://bgu.ac.il/welcome/ba/catalog/categories/israel-studies
admissions_registration_programs,תואר ראשון בלימודים רב־תחומיים באוניברסיטת בן-גוריון בנגב,תואר ראשון בלימודים רב־תחומיים באוניברסיטת בן-גוריון בנגב,למועמדים ולמועמדות תואר ראשון באוניברסיטת בן-גוריון בנגב תואר ראשון בלימודים רב־תחומיים הרישום פתוח תואר ראשון בלימודים רב־תחומיים קמפוס באר שבע תקופת לימוד 3 שנים תואר…,"קבלה/הרשמה, תואר ראשון",public,https://bgu.ac.il/welcome/ba/catalog/categories/general-studies-degree
admissions_registration_programs,תואר ראשון במדעי האֲחָיוּת (סיעוד) באוניברסיטת בן-גוריון בנגב,תואר ראשון במדעי האֲחָיוּת (סיעוד) באוניברסיטת בן-גוריון בנג,למועמדים ולמועמדות תואר ראשון באוניברסיטת בן-גוריון בנגב תואר ראשון במדעי האֲחָיוּת (סיעוד) הרישום פתוח תואר ראשון במדעי האֲחָיוּת (סיעוד) קמפוס באר שבע,"קבלה/הרשמה, תואר ראשון",public,https://bgu.ac.il/welcome/ba/catalog/categories/nursing
admissions_registration_programs,תואר ראשון במדעי החיים באוניברסיטת בן-גוריון בנגב,תואר ראשון במדעי החיים באוניברסיטת בן-גוריון בנגב,למועמדים ולמועמדות תואר ראשון באוניברסיטת בן-גוריון בנגב תואר ראשון במדעי החיים הרישום פתוח תואר ראשון במדעי החיים קמפוס באר שבע תקופת לימוד 3 שנים תואר מוענק B,"קבלה/הרשמה, תואר ראשון",public,https://bgu.ac.il/welcome/ba/catalog/categories/life-science
admissions_registration_programs,תואר ראשון במדעי המחשב,תואר ראשון במדעי המחשב,למועמדים ולמועמדות תואר ראשון באוניברסיטת בן-גוריון בנגב תואר ראשון במדעי המחשב הרישום פתוח תואר ראשון במדעי המחשב קמפוס באר שבע תקופת לימוד 3 שנים תואר מוענק B,"קבלה/הרשמה, תואר ראשון",public,https://bgu.ac.il/welcome/ba/catalog/categories/computer-science
admissions_registration_programs,תואר ראשון במדעי המעבדה הרפואית באוניברסיטת בן-גוריון בנגב,תואר ראשון במדעי המעבדה הרפואית באוניברסיטת בן-גוריון בנגב,למועמדים ולמועמדות תואר ראשון באוניברסיטת בן-גוריון בנגב תואר ראשון במדעי המעבדה הרפואית הרישום פתוח תואר ראשון במדעי המעבדה הרפואית קמפוס באר שבע תקופת לימוד 3 שנים…,"קבלה/הרשמה, תואר ראשון",public,https://bgu.ac.il/welcome/ba/catalog/categories/health-lab
admissions_registration_programs,תואר ראשון במדעי הקוגניציה והמוח באוניברסיטת בן-גוריון בנגב,תואר ראשון במדעי הקוגניציה והמוח באוניברסיטת בן-גוריון בנגב,למועמדים ולמועמדות תואר ראשון באוניברסיטת בן-גוריון בנגב תואר ראשון במדעי הקוגניציה והמוח הרישום פתוח תואר ראשון במדעי הקוגניציה והמוח קמפוס באר שבע תקופת לימוד 3 שנים…,"קבלה/הרשמה, תואר ראשון",public,https://bgu.ac.il/welcome/ba/catalog/categories/brain
admissions_registration_programs,תואר ראשון במדעי כדור הארץ והסביבה,תואר ראשון במדעי כדור הארץ והסביבה,למועמדים ולמועמדות תואר ראשון באוניברסיטת בן-גוריון בנגב תואר ראשון במדעי כדור הארץ והסביבה הרישום פתוח תואר ראשון במדעי כדור הארץ והסביבה קמפוס באר שבע תקופת לימוד 3…,"קבלה/הרשמה, תואר ראשון",public,https://bgu.ac.il/welcome/ba/catalog/categories/earth-sciences
admissions_registration_programs,"תואר ראשון במחשבת ישראל: פילוסופיה, קבלה ומחשבת יהודית באוניברסיטת בן-גוריון בנגב","תואר ראשון במחשבת ישראל: פילוסופיה, קבלה ומחשבת יהודית באוני","למועמדים ולמועמדות תואר ראשון באוניברסיטת בן-גוריון בנגב מחשבת ישראל: פילוסופיה, קבלה ומחשבת יהודית הרישום פתוח מחשבת ישראל: פילוסופיה, קבלה ומחשבת יהודית קמפוס באר שבע…","קבלה/הרשמה, תואר ראשון",public,https://bgu.ac.il/welcome/ba/catalog/categories/jewish-thought
admissions_registration_programs,תואר ראשון במתמטיקה | תנאי קבלה ומסלולים | אוניברסיטת בן-גוריון בנגב,תואר ראשון במתמטיקה | תנאי קבלה ומסלולים | אוניברסיטת בן-גור,למועמדים ולמועמדות תואר ראשון באוניברסיטת בן-גוריון בנגב תואר ראשון במתמטיקה הרישום פתוח תואר ראשון במתמטיקה קמפוס באר שבע תקופת לימוד 3 שנים תואר מוענק B,"קבלה/הרשמה, תנאי קבלה, תואר ראשון",public,https://bgu.ac.il/welcome/ba/catalog/categories/mathematics
admissions_registration_programs,תואר ראשון בניהול באוניברסיטת בן-גוריון בנגב,תואר ראשון בניהול באוניברסיטת בן-גוריון בנגב,למועמדים ולמועמדות תואר ראשון באוניברסיטת בן-גוריון בנגב תואר ראשון בניהול הרישום פתוח תואר ראשון בניהול קמפוס באר שבע | אילת תקופת לימוד 3 שנים תואר מוענק B,"קבלה/הרשמה, תואר ראשון",public,https://bgu.ac.il/welcome/ba/catalog/categories/business
admissions_registration_programs,תואר ראשון בניהול מערכות בריאות באוניברסיטת בן-גוריון בנגב,תואר ראשון בניהול מערכות בריאות באוניברסיטת בן-גוריון בנגב,למועמדים ולמועמדות תואר ראשון באוניברסיטת בן-גוריון בנגב תואר ראשון בניהול מערכות בריאות הרישום פתוח תואר ראשון בניהול מערכות בריאות קמפוס באר שבע תקופת לימוד 3 שנים…,"קבלה/הרשמה, תואר ראשון",public,https://bgu.ac.il/welcome/ba/catalog/categories/health-management
admissions_registration_programs,תואר ראשון בניהול תיירות ופנאי,תואר ראשון בניהול תיירות ופנאי,למועמדים ולמועמדות תואר ראשון באוניברסיטת בן-גוריון בנגב תואר ראשון בניהול תיירות ופנאי הרישום פתוח תואר ראשון בניהול תיירות ופנאי קמפוס באר שבע תקופת לימוד 3 שנים תואר…,"קבלה/הרשמה, תואר ראשון",public,https://bgu.ac.il/welcome/ba/catalog/categories/tourism-management
admissions_registration_programs,תואר ראשון בסוציולוגיה ואנתרופולוגיה באוניברסיטת בן-גוריון בנגב,תואר ראשון בסוציולוגיה ואנתרופולוגיה באוניברסיטת בן-גוריון ב,למועמדים ולמועמדות תואר ראשון באוניברסיטת בן-גוריון בנגב תואר ראשון בסוציולוגיה ואנתרופולוגיה הרישום פתוח תואר ראשון בסוציולוגיה ואנתרופולוגיה קמפוס באר שבע תקופת לימוד…,"קבלה/הרשמה, תואר ראשון",public,https://bgu.ac.il/welcome/ba/catalog/categories/sociology-anthropology
admissions_registration_programs,תואר ראשון בסטטיסטיקה באוניברסיטת בן-גוריון בנגב,תואר ראשון בסטטיסטיקה באוניברסיטת בן-גוריון בנגב,למועמדים ולמועמדות תואר ראשון באוניברסיטת בן-גוריון בנגב תואר ראשון בסטטיסטיקה וניתוח נתונים הרישום פתוח תואר ראשון בסטטיסטיקה וניתוח נתונים קמפוס באר שבע תקופת לימודים…,"קבלה/הרשמה, תואר ראשון",public,https://bgu.ac.il/welcome/ba/catalog/categories/statistics
admissions_registration_programs,תואר ראשון בספרות אנגלית,תואר ראשון בספרות אנגלית,למועמדים ולמועמדות תואר ראשון באוניברסיטת בן-גוריון בנגב תואר ראשון בספרות אנגלית הרישום פתוח תואר ראשון בספרות אנגלית קמפוס באר שבע תקופת לימוד 3 שנים תואר מוענק B,"קבלה/הרשמה, תואר ראשון",public,https://bgu.ac.il/welcome/ba/catalog/categories/english-literature
admissions_registration_programs,תואר ראשון בספרות עברית,תואר ראשון בספרות עברית,למועמדים ולמועמדות תואר ראשון באוניברסיטת בן-גוריון בנגב תואר ראשון בספרות עברית הרישום פתוח תואר ראשון בספרות עברית קמפוס באר שבע תקופת לימוד 3 שנים תואר מוענק B,"קבלה/הרשמה, תואר ראשון",public,https://bgu.ac.il/welcome/ba/catalog/categories/hebrew-literature
admissions_registration_programs,תואר ראשון בעבודה סוציאלית באוניברסיטת בן-גוריון בנגב,תואר ראשון בעבודה סוציאלית באוניברסיטת בן-גוריון בנגב,למועמדים ולמועמדות תואר ראשון באוניברסיטת בן-גוריון בנגב תואר ראשון בעבודה סוציאלית הרישום פתוח תואר ראשון בעבודה סוציאלית קמפוס באר שבע | אילת תקופת לימוד 2-3 שנים תואר…,"קבלה/הרשמה, תואר ראשון",public,https://bgu.ac.il/welcome/ba/catalog/categories/social-work
admissions_registration_programs,תואר ראשון בפוליטיקה וממשל באוניברסיטת בן-גוריון בנגב,תואר ראשון בפוליטיקה וממשל באוניברסיטת בן-גוריון בנגב,למועמדים ולמועמדות תואר ראשון באוניברסיטת בן-גוריון בנגב תואר ראשון בפוליטיקה וממשל הרישום פתוח תואר ראשון בפוליטיקה וממשל קמפוסים באר שבע תקופת לימוד 3 שנים תואר מוענק B,"קבלה/הרשמה, תואר ראשון",public,https://bgu.ac.il/welcome/ba/catalog/categories/politics-and-government
admissions_registration_programs,תואר ראשון בפיזיותרפיה באוניברסיטת בן-גוריון בנגב,תואר ראשון בפיזיותרפיה באוניברסיטת בן-גוריון בנגב,למועמדים ולמועמדות תואר ראשון באוניברסיטת בן-גוריון בנגב תואר ראשון בפיזיותרפיה הרישום סגור תואר ראשון בפיזיותרפיה קמפוס באר שבע תקופת לימוד 4 שנים תואר מוענק B,"קבלה/הרשמה, תואר ראשון",public,https://bgu.ac.il/welcome/ba/catalog/categories/physiotherapy
admissions_registration_programs,תואר ראשון בפיזיקה באוניברסיטת בן-גוריון בנגב,תואר ראשון בפיזיקה באוניברסיטת בן-גוריון בנגב,למועמדים ולמועמדות תואר ראשון באוניברסיטת בן-גוריון בנגב תואר ראשון בפיזיקה הרישום פתוח תואר ראשון בפיזיקה קמפוס באר שבע תקופת לימוד 3 שנים תואר מוענק B,"קבלה/הרשמה, תואר ראשון",public,https://bgu.ac.il/welcome/ba/catalog/categories/physics
admissions_registration_programs,תואר ראשון בפילוסופיה באוניברסיטת בן-גוריון בנגב,תואר ראשון בפילוסופיה באוניברסיטת בן-גוריון בנגב,למועמדים ולמועמדות תואר ראשון באוניברסיטת בן-גוריון בנגב תואר ראשון בפילוסופיה הרישום פתוח תואר ראשון בפילוסופיה קמפוס באר שבע תקופת לימוד 3 שנים תואר מוענק B,"קבלה/הרשמה, תואר ראשון",public,https://bgu.ac.il/welcome/ba/catalog/categories/philosophy
admissions_registration_programs,תואר ראשון ברוקחות באוניברסיטת בן-גוריון בנגב,תואר ראשון ברוקחות באוניברסיטת בן-גוריון בנגב,למועמדים ולמועמדות תואר ראשון באוניברסיטת בן-גוריון בנגב תואר ראשון ברוקחות הרישום פתוח תואר ראשון ברוקחות קמפוס באר שבע תקופת לימוד 4 שנים תואר מוענק B,"קבלה/הרשמה, תואר ראשון",public,https://bgu.ac.il/welcome/ba/catalog/categories/pharmacy
admissions_registration_programs,תואר ראשון ברפואת חירום באוניברסיטת בן-גוריון בנגב,תואר ראשון ברפואת חירום באוניברסיטת בן-גוריון בנגב,למועמדים ולמועמדות תואר ראשון באוניברסיטת בן-גוריון בנגב תואר ראשון ברפואת חירום (כולל תוכנית השלמה) הרישום פתוח תואר ראשון ברפואת חירום (כולל תוכנית השלמה) קמפוס באר…,"קבלה/הרשמה, תואר ראשון",public,https://bgu.ac.il/welcome/ba/catalog/categories/emergency-medicine
admissions_registration_programs,"תואר ראשון בתולדות האמנות, אמנות חזותית ויצירה","תואר ראשון בתולדות האמנות, אמנות חזותית ויצירה",למועמדים ולמועמדות תואר ראשון באוניברסיטת בן-גוריון בנגב אמנויות (תולדות האמנות או אמנות חזותית) הרישום פתוח אמנויות (תולדות האמנות או אמנות חזותית) קמפוס באר שבע,"קבלה/הרשמה, תואר ראשון",public,https://bgu.ac.il/welcome/ba/catalog/categories/art
admissions_registration_programs,תואר ראשון בתקשורת - אוניברסיטת בן-גוריון בנגב,תואר ראשון בתקשורת - אוניברסיטת בן-גוריון בנגב,למועמדים ולמועמדות תואר ראשון באוניברסיטת בן-גוריון בנגב תואר ראשון בתקשורת הרישום פתוח תואר ראשון בתקשורת קמפוס באר שבע | אילת תקופת לימוד 3 שנים תואר מוענק B,"קבלה/הרשמה, תואר ראשון",public,https://bgu.ac.il/welcome/ba/catalog/categories/communication-studies
admissions_registration_programs,תואר שני באוניברסיטת בן-גוריון בנגב - כל תוכניות MA,כל תוכניות MA,"למועמדים ולמועמדות כל תוכניות הלימודים לתואר שני כל תוכניות הלימודים לתואר שני ההרשמה לסמסטר סתו תשפ""ז פתוחה | מה אפשר ללמוד אצלנו לתואר שני","קבלה/הרשמה, הרשמה, תואר שני",public,https://bgu.ac.il/welcome/ma/catalog
admissions_registration_programs,תואר שני בחינוך באוניברסיטת בן-גוריון בנגב,תואר שני בחינוך באוניברסיטת בן-גוריון בנגב,למועמדים ולמועמדות כל תוכניות הלימודים לתואר שני תואר שני בחינוך הרישום פתוח תואר שני בחינוך קמפוס באר שבע תקופת לימוד 1-2 שנים תואר מוענק M | A בחינוך הרישום פתוח שמירה…,"קבלה/הרשמה, הרשמה, תואר שני",public,https://bgu.ac.il/welcome/ma/catalog/categories/education-master/acceptance-conditions
admissions_registration_programs,תואר שני במנהל עסקים באוניברסיטת בן גוריון,תואר שני במנהל עסקים באוניברסיטת בן גוריון,למועמדים ולמועמדות כל תוכניות הלימודים לתואר שני תואר שני במנהל עסקים הרישום פתוח תואר שני במנהל עסקים קמפוס באר שבע | אילת תקופת לימוד 2 שנים תואר מוענק M,"קבלה/הרשמה, הרשמה, תואר שני",public,https://bgu.ac.il/welcome/ma/catalog/categories/business-administration-master
admissions_registration_programs,תואר שני במנהל עסקים באוניברסיטת בן-גוריון בנגב,תואר שני במנהל עסקים באוניברסיטת בן-גוריון בנגב,למועמדים ולמועמדות כל תוכניות הלימודים לתואר שני תואר שני במנהל עסקים הרישום פתוח תואר שני במנהל עסקים קמפוס באר שבע | אילת תקופת לימוד 2 שנים תואר מוענק M,"קבלה/הרשמה, הרשמה, תואר שני",public,https://bgu.ac.il/welcome/ma/catalog/categories/business-administration-master/acceptance-conditions
admissions_registration_programs,תואר שני במנהל עסקים בקמפוס אילת,תואר שני במנהל עסקים בקמפוס אילת,למועמדים ולמועמדות כל תוכניות הלימודים לתואר שני תואר שני במנהל עסקים הרישום פתוח תואר שני במנהל עסקים קמפוס באר שבע | אילת תקופת לימוד 2 שנים תואר מוענק M,"קבלה/הרשמה, הרשמה, תואר שני",public,https://bgu.ac.il/welcome/ma/catalog/categories/business-administration-master/eilat
admissions_registration_programs,תואר שני בפסיכולוגיה באוניברסיטת בן-גוריון בנגב,תואר שני בפסיכולוגיה באוניברסיטת בן-גוריון בנגב,למועמדים ולמועמדות כל תוכניות הלימודים לתואר שני תואר שני בפסיכולוגיה הרישום פתוח תואר שני בפסיכולוגיה קמפוס באר שבע תקופת לימוד 2 שנים תואר מוענק M | A בפסיכולוגיה…,"קבלה/הרשמה, הרשמה, תואר שני",public,https://bgu.ac.il/welcome/ma/catalog/categories/psychology-master/acceptance-conditions
admissions_registration_programs,תואר שני בתעודת הוראה בחינוך באוניברסיטת בן-גוריון בנגב,תואר שני בתעודת הוראה בחינוך באוניברסיטת בן-גוריון בנגב,למועמדים ולמועמדות כל תוכניות הלימודים לתואר שני לימודי תעודת הוראה הרישום פתוח לימודי תעודת הוראה קמפוס באר שבע | אילת תקופת לימוד שנה/שנתיים תעודה מוענקת תעודת הוראה…,"קבלה/הרשמה, הרשמה, תואר שני",public,https://bgu.ac.il/welcome/ma/catalog/categories/teaching-certificate/acceptance-conditions
admissions_registration_programs,תנאי קבלה לתואר ראשון – כל מה שצריך לדעת לפני ההרשמה | בן-גוריון,תנאי קבלה לתואר ראשון – כל מה שצריך לדעת לפני ההרשמה | בן-גו,למועמדים ולמועמדות הבלוג כל מה שצריך לדעת לקראת הלימודים באוניברסיטה תנאי קבלה לתואר ראשון – כל מה שצריך לדעת לפני ההרשמה תנאי קבלה לתואר ראשון – כל מה שצריך לדעת לפני…,"קבלה/הרשמה, תנאי קבלה, הרשמה, תואר ראשון",public,https://bgu.ac.il/welcome/blog/articles/admission-requirements-guide
admissions_registration_programs,​הרשמה לאוניברסיטה - טפסים שימושיים,​הרשמה לאוניברסיטה - טפסים שימושיים,למועמדים ולמועמדות ​הרשמה לאוניברסיטה - טפסים שימושיים ​הרשמה לאוניברסיטה - טפסים שימושיים ידיעון למועמדים ולמועמדות >> רשימת הטפסים: טפסים כלליים טפסים לנרשמים לפקולטה…,"קבלה/הרשמה, הרשמה, תואר ראשון, תואר שני",public,https://bgu.ac.il/welcome/contents/pre-registration/admissions-forms
dekanat_student_support,Religious servicesBGU,Religious servicesBGU,"דיקנאט הסטודנטים שירותי דת - פעילות בית הכנסת שירותי דת - פעילות בית הכנסת בית הכנסת נמצא בבניין 28, קומת המרתף, מקלט 001 | את בית הכנסת מנהל הרב גיל הכהן בליזובסקי",דיקנאט,public,https://bgu.ac.il/u/rector/dekanat/ReligiousservicesBGU
dekanat_student_support,Religious servicesBGU,Religious servicesBGU,"דיקנאט הסטודנטים שירותי דת - פעילות בית הכנסת שירותי דת - פעילות בית הכנסת בית הכנסת נמצא בבניין 28, קומת המרתף, מקלט 001 | את בית הכנסת מנהל הרב גיל הכהן בליזובסקי",דיקנאט,public,https://bgu.ac.il/u/academic-affairs/dekanat/religiousservicesbgu
dekanat_student_support,דיקנאט הסטודנטים,דיקנאט הסטודנטים,"פורסם מתווה חרבות ברזל תשפ""ו >> חדש | עמוד מידע בנושא מילואים כל מה שרלוונטי למשרתי ומשרתות המילואים בעמוד מרכז מילואים אירועים אירועי הדיקנאט אירוע ללא תשלום שתפו 19…","דיקנאט, תשלומים, מילואים",public,https://bgu.ac.il/u/academic-affairs/dekanat
dekanat_student_support,המרכז לפיתוח קריירה - אוניברסיטת בן-גוריון בנגב,המרכז לפיתוח קריירה - אוניברסיטת בן-גוריון בנגב,"המרכז לפיתוח קריירה זה הזמן שלך לחשוב קריירה | האירועים הקרובים שלנו לכל האירועים אירוע ללא תשלום שתפו 19 במאי בשעה 10:00 רחבת קרייטמן, בניין 26 יריד התעסוקה השנתי של…","דיקנאט, תשלומים, קריירה",public,https://bgu.ac.il/u/academic-affairs/dekanat/career/career-center
dekanat_student_support,כל האירועים של המרכז לפיתוח קריירה באוניברסיטת בן-גוריון בנגב,כל האירועים של המרכז לפיתוח קריירה באוניברסיטת בן-גוריון בנג,דיקנאט הסטודנטים המרכז לפיתוח קריירה כל הסדנאות והאירועים שלנו כל האירועים המרכז לפיתוח קריירה המרכז לפיתוח קריירה מציע מגוון סדנאות ואירועים לבוגרי ולבוגרות האוניברסיטה…,"דיקנאט, קריירה",public,https://bgu.ac.il/u/academic-affairs/dekanat/career/career-center/events
dekanat_student_support,מידע למעסיקים - קשר עם המרכז לפיתוח קריירה באוניברסיטת בן-גוריון בנגב,מידע למעסיקים - קשר עם המרכז לפיתוח קריירה באוניברסיטת בן-גו,"דיקנאט הסטודנטים המרכז לפיתוח קריירה מידע למעסיקים מידע למעסיקים המרכז לפיתוח קריירה באוניברסיטת בן-גוריון בנגב, מסייע לכם המעסיקים לאתר את המועמדים הטובים ביותר…","דיקנאט, קריירה",public,https://bgu.ac.il/u/academic-affairs/dekanat/career/career-center/employers
dekanat_student_support,מלגות,מלגות,"למועמדים ולמועמדות מלגות מידע כללי מלגות מידע כללי באוניברסיטת בן-גוריון בנגב מחולקות מלגות שונות: 1 | לתלמידי תואר ראשון: מלגות קיום עבור סטודנטים עפ""י קריטריונים…","דיקנאט, מלגות, תואר ראשון",public,https://bgu.ac.il/welcome/contents/after-admission/scholar
dekanat_student_support,מרכז התמיכה | דיקנאט הסטודנטים | אוניברסיטת בן-גוריון בנגב,מרכז התמיכה | דיקנאט הסטודנטים | אוניברסיטת בן-גוריון בנגב,"דיקנאט הסטודנטים מרכז התמיכה מרכז התמיכה שירותי מרכז התמיכה בדיקנאט ניתנים לסטודנטיות וסטודנטים המוכרים עם ​​​לקויות למידה, הפרעת קשב וריכוז או מגבלה רפואית",דיקנאט,public,https://bgu.ac.il/u/academic-affairs/dekanat/support-center-services
dekanat_student_support,"מתווה 2 נק""ז לפעילות חברתית או שירות מילואים","מתווה 2 נק""ז לפעילות חברתית או שירות מילואים","דיקנאט הסטודנטים מתווה 2 נק""ז (נקודות זכות) לפעילות חברתית או שירות מילואים מתווה 2 נק""ז (נקודות זכות) לפעילות חברתית או שירות מילואים סטודנטיות וסטודנטים הלומדים לתואר…","דיקנאט, מילואים, תואר ראשון",public,https://bgu.ac.il/u/academic-affairs/dekanat/credit-for-social-activity-reserve-service
dekanat_student_support,על המרכז לפיתוח קריירה,על המרכז לפיתוח קריירה,דיקנאט הסטודנטים המרכז לפיתוח קריירה על המרכז לפיתוח קריירה באוניברסיטת בן-גוריון בנגב על המרכז לפיתוח קריירה באוניברסיטת בן-גוריון בנגב על המרכז המרכז לפיתוח קריירה…,"דיקנאט, קריירה",public,https://bgu.ac.il/u/academic-affairs/dekanat/career/career-center/about-us
dekanat_student_support,צוות המרכז לפיתוח קריירה,צוות המרכז לפיתוח קריירה,דיקנאט הסטודנטים המרכז לפיתוח קריירה צוות המרכז לפיתוח קריירה צוות המרכז לפיתוח קריירה מי אנחנו | המרכז לפיתוח קריירה לקידום התעסוקה בנגב מהווה גשר בין העולם האקדמי…,"דיקנאט, חיפוש סגל, קריירה",public,https://bgu.ac.il/u/academic-affairs/dekanat/career/career-center/our-people
dekanat_student_support,תוכניות התמחות:​ הגשר בין עולם האקדמיה לעולם התעסוקה - המרכז לפיתוח קריירה באוניברסיטת בן-גוריון בנגב,תוכניות התמחות:​ הגשר בין עולם האקדמיה לעולם התעסוקה - המרכז,דיקנאט הסטודנטים המרכז לפיתוח קריירה תוכניות התמחות:​ הגשר בין עולם האקדמיה לעולם התעסוקה תוכניות התמחות:​ הגשר בין עולם האקדמיה לעולם התעסוקה המרכז לפיתוח קריירה…,"דיקנאט, קריירה",public,https://bgu.ac.il/u/academic-affairs/dekanat/career/career-center/next-step
dekanat_student_support,תעסוקה שווה,תעסוקה שווה,"דיקנאט הסטודנטים המרכז לפיתוח קריירה תעסוקה שווה תעסוקה שווה ​​""תעסוקה שווה"" והמטה לשילוב אנשים עם מוגבלות עוזרים לכם להשתלב בעבודה בתחום לימודיכם כבר בשלב הלימודים…","דיקנאט, קריירה",public,https://bgu.ac.il/u/academic-affairs/dekanat/career/career-center/equal
general_misc,A Team of LEADERS,A Team of LEADERS,Program Details Application Process Our Alumni Our Team Yazamut360 Apply to be LEADERS EN A Team of LEADERS Nice to meet you | Gadi Bahat Head of Academic Programs A…,כללי,public,https://bgu.ac.il/yazamut360/leaders/leadersteam
general_misc,About Negev Plus | E-Commerce Training in the Negev,About Negev Plus | E-Commerce Training in the Negev,"About Negev Plus Yazamut 360 EN ABOUT NEGEV PLUS Where Local Innovation Goes Global LIVING—AND WORKING—IN AN E-COMMERCE WORLD In today’s business landscape, e-commerce…","כללי, חיפוש סגל",public,https://bgu.ac.il/yazamut360/negev-plus/np-about
general_misc,About Yazamut 360,About Yazamut 360,Students Researchers Partners About Us Our Programs LEADERS Student-led Communities Students Think Innovation Cactus Capital Negev Plus Ira M | Ingerman Award Portfolio…,כללי,public,https://bgu.ac.il/yazamut360/about
general_misc,BGU Communities – Connect with Entrepreneurial Talent,BGU Communities – Connect with Entrepreneurial Talent,"Our Communities Start a Community Yazamut 360 EN All your future talent,sorted by interest andexperience | Connect with entrepreneurial students united by their passions…",כללי,public,https://bgu.ac.il/yazamut360/communities
general_misc,Community Portfolio – Yazamut 360,Community Portfolio – Yazamut 360,"Our Communities Start a Community Yazamut 360 EN Explore Our Communities From tech to social impact, explore initiatives that connect talent, creativity, and…",כללי,public,https://bgu.ac.il/yazamut360/communities/our-communities
general_misc,Ira M. Ingerman Entrepreneur of the Year Award,Ira M. Ingerman Entrepreneur of the Year Award,Students Researchers Partners About Us Our Programs LEADERS Student-led Communities Students Think Innovation Cactus Capital Negev Plus Ira M | Ingerman Award Portfolio…,כללי,public,https://bgu.ac.il/yazamut360/iraingermanaward
general_misc,LEADERS Application Process | Join the Entrepreneurial Journey,LEADERS Application Process | Join the Entrepreneurial Journ,Program Details Application Process Our Alumni Our Team Yazamut360 Apply to be LEADERS EN Application Process Enjoy the Ride The best way to know if you’re a LEADER is…,כללי,public,https://bgu.ac.il/yazamut360/leaders/leadersapplication
general_misc,LEADERS Program | Entrepreneurship & Leadership Skills for BGU Students,LEADERS Program | Entrepreneurship & Leadership Skills for B,"Program Details Application Process Our Alumni Our Team Yazamut360 Apply to be LEADERS EN Discover You 2 | 0 When you join LEADERS, you don’t only learn how to become an…",כללי,public,https://bgu.ac.il/yazamut360/leaders
general_misc,"LEADERS Program: Entrepreneurship, Leadership, and Innovation","LEADERS Program: Entrepreneurship, Leadership, and Innovatio",Program Details Application Process Our Alumni Our Team Yazamut360 Apply to be LEADERS EN Program Details Leadership from A to Z LEADERS includes two semesters and a…,כללי,public,https://bgu.ac.il/yazamut360/leaders/leadersdetails
general_misc,LEADERS: Entrepreneurship Skills for Tomorrow,LEADERS: Entrepreneurship Skills for Tomorrow,"Program Details Application Process Our Alumni Our Team Yazamut360 Apply to be LEADERS EN Why Be a LEADER | It’s a Jungle Out There Thanks to AI, big data, and…",כללי,public,https://bgu.ac.il/yazamut360/leaders/whyleaders
general_misc,Negev Plus | Start & Grow Your Amazon Business,Negev Plus | Start & Grow Your Amazon Business,"About Negev Plus Yazamut 360 EN Start a business thatworks for you Launch, run, and grow an Amazon business, and enjoy financial independence—anywhere, and with any…",כללי,public,https://bgu.ac.il/yazamut360/negev-plus
general_misc,Start a Student Community – Yazamut 360,Start a Student Community – Yazamut 360,"Our Communities Start a Community Yazamut 360 EN English Build a Thriving Community Turn passions into initiatives that connect people, create opportunities, and shape…","כללי, חיפוש סגל",public,https://bgu.ac.il/yazamut360/communities/start-community
general_misc,Students Think Innovation: Google-backed tech challenge,Students Think Innovation: Google-backed tech challenge,"Yazamut 360 EN Contribute to yourcountry, jump-start asuccessful career | Bring ideals and innovation together, and improve both Israel’s future and yours",כללי,public,https://bgu.ac.il/yazamut360/sti
general_misc,Yazamut 360 Team,Yazamut 360 Team,Students Researchers Partners About Us Our Programs LEADERS Student-led Communities Students Think Innovation Cactus Capital Negev Plus Ira M | Ingerman Award Portfolio…,כללי,public,https://bgu.ac.il/yazamut360/our-team
general_misc,Yazamut 360 | Alumni,Yazamut 360 | Alumni,Students Researchers Partners About Us Our Programs LEADERS Student-led Communities Students Think Innovation Cactus Capital Negev Plus Ira M | Ingerman Award Portfolio…,כללי,public,https://bgu.ac.il/yazamut360/alumni
general_misc,Yazamut 360 | Ben-Gurion University of the Negev,Yazamut 360 | Ben-Gurion University of the Negev,Students Researchers Partners About Us Our Programs LEADERS Student-led Communities Students Think Innovation Cactus Capital Negev Plus Ira M | Ingerman Award Portfolio…,כללי,public,https://bgu.ac.il/yazamut360
general_misc,Yazamut 360 | Entrepreneurship Program for International Communities,Yazamut 360 | Entrepreneurship Program for International Com,Students Researchers Partners About Us Our Programs LEADERS Student-led Communities Students Think Innovation Cactus Capital Negev Plus Ira M | Ingerman Award Portfolio…,כללי,public,https://bgu.ac.il/yazamut360/360-communities
general_misc,Yazamut 360 | Entrepreneurship Program for International Universities,Yazamut 360 | Entrepreneurship Program for International Uni,Students Researchers Partners About Us Our Programs LEADERS Student-led Communities Students Think Innovation Cactus Capital Negev Plus Ira M | Ingerman Award Portfolio…,כללי,public,https://bgu.ac.il/yazamut360/360-universities
general_misc,Yazamut 360 | For Researchers,Yazamut 360 | For Researchers,Students Researchers Partners About Us Our Programs LEADERS Student-led Communities Students Think Innovation Cactus Capital Negev Plus Ira M | Ingerman Award Portfolio…,כללי,public,https://bgu.ac.il/yazamut360/researchers
general_misc,Yazamut 360 | International Programs,Yazamut 360 | International Programs,Students Researchers Partners About Us Our Programs LEADERS Student-led Communities Students Think Innovation Cactus Capital Negev Plus Ira M | Ingerman Award Portfolio…,כללי,public,https://bgu.ac.il/yazamut360/360
general_misc,Yazamut 360 | Partners & Ecosystem,Yazamut 360 | Partners & Ecosystem,Students Researchers Partners About Us Our Programs LEADERS Student-led Communities Students Think Innovation Cactus Capital Negev Plus Ira M | Ingerman Award Portfolio…,כללי,public,https://bgu.ac.il/yazamut360/partners
general_misc,Yazamut 360 | Portfolio,Yazamut 360 | Portfolio,Students Researchers Partners About Us Our Programs LEADERS Student-led Communities Students Think Innovation Cactus Capital Negev Plus Ira M | Ingerman Award Portfolio…,כללי,public,https://bgu.ac.il/yazamut360/portfolio
general_misc,אגף משאבי אנוש,אגף משאבי אנוש,"איתך — בכל שלב, בכל שאלה, בכל שינוי",כללי,public,https://bgu.ac.il/u/admin/hr
general_misc,"אגף תכנון, בינוי ואחזקה","אגף תכנון, בינוי ואחזקה","המידע לסגל - בפורטל הבן-גוריוני חברות וחברי סגל יקרים, לתשומת ליבכם, מידע המיועד לקהילת האוניברסיטה הפנימית עבר לפורטל הסגל הבן-גוריוני החדש | תוכלו למצוא את נהלי אגף…","כללי, סגל",public,https://bgu.ac.il/u/admin/binuy
general_misc,אודות מרכז יזמות 360,אודות מרכז יזמות 360,סטודנטים וסטודנטיות חוקרים וחוקרות אקוסיסטם היזמות בנגב קצת עלינו התוכניות שלנו Students Think Innovation קרן קקטוס קפיטל LEADERS Oazis Negev Plus קהילות יזמות…,כללי,public,https://bgu.ac.il/yazamut360/he/about
general_misc,אימות תואר,אימות תואר,מנהל תלמידים אימות תואר אימות תואר ​​​​​התהליך מיועד למוסדות או מעסיקים המעוניינים לאמת את התואר של בוגרות ובוגרי האוניברסיטה | תהליך אימות תואר באוניברסיטה למי מיועד…,"כללי, תואר ראשון",public,https://bgu.ac.il/u/academic-affairs/student-administration/degree-verification-certificates
general_misc,אקוסיסטם של יזמות,אקוסיסטם של יזמות,סטודנטים וסטודנטיות חוקרים וחוקרות אקוסיסטם היזמות בנגב קצת עלינו התוכניות שלנו Students Think Innovation קרן קקטוס קפיטל LEADERS Oazis Negev Plus קהילות יזמות…,כללי,public,https://bgu.ac.il/yazamut360/partners/he
general_misc,בוגרי ובוגרות מרכז יזמות 360,בוגרי ובוגרות מרכז יזמות 360,סטודנטים וסטודנטיות חוקרים וחוקרות אקוסיסטם היזמות בנגב קצת עלינו התוכניות שלנו Students Think Innovation קרן קקטוס קפיטל LEADERS Oazis Negev Plus קהילות יזמות…,כללי,public,https://bgu.ac.il/yazamut360/he/alumni
general_misc,דרושים לקהילות היזמות | תפקידי צוות בהתנדבות | מרכז יזמות 360 בן-גוריון,דרושים לקהילות היזמות | תפקידי צוות בהתנדבות | מרכז יזמות 36,"הקהילות שלנו הכשרה מנק""לים דרושים בקהילות יזמות 360 הקהילות שלנו דורשים חברי וחברות צוות לקהילות היזמות הזדמנות לקחת חלק בעשייה אמיתית, לצבור ניסיון ולהיות חלק מצוות…",כללי,public,https://bgu.ac.il/yazamut360/he/communities/wanted
general_misc,הפקולטה למדעי הרוח והחברה,הפקולטה למדעי הרוח והחברה,"בגלל הרוח, בשביל החברה לכל הכתבות תובנה חדשנית על התרומה לטבע של האבק המדברי 19 | 2026 דיתי הורביץ-ארד צמחים בכל העולם יכולים להיות מוזנים מסופות אבק מדברי ישירות דרך…","כללי, מחקר",public,https://bgu.ac.il/u/faculties/humanities-and-social-sciences
general_misc,"הפקולטה לניהול ע""ש גילפורד גלייזר","הפקולטה לניהול ע""ש גילפורד גלייזר","הפקולטה לניהול מעצבת את דור המנהיגים הבא, המוכן להתמודד עם אתגרי המאה ה-21 | הפקולטה מכשירה מנהלים ומנהלות לחשיבה יצירתית ומעוררת השראה בגישה חדשנית - ""ניהול מוביל חברה""",כללי,public,https://bgu.ac.il/u/faculties/business-and-management
general_misc,הרשות למחקר ופיתוח באוניברסיטת בן-גוריון בנגב,הרשות למחקר ופיתוח באוניברסיטת בן-גוריון בנגב,"הרשות למחקר ופיתוח למידע מלא באתר הרשות באנגלית For full information, visit the RDA English website","כללי, מחקר",public,https://bgu.ac.il/u/vp/rda
general_misc,יזמות 360 | אוניברסיטת בן-גוריון בנגב,יזמות 360 | אוניברסיטת בן-גוריון בנגב,סטודנטים וסטודנטיות חוקרים וחוקרות אקוסיסטם היזמות בנגב קצת עלינו התוכניות שלנו Students Think Innovation קרן קקטוס קפיטל LEADERS Oazis Negev Plus קהילות יזמות…,כללי,public,https://bgu.ac.il/yazamut360/he
general_misc,יזמות 360 | פורטפוליו,יזמות 360 | פורטפוליו,סטודנטים וסטודנטיות חוקרים וחוקרות אקוסיסטם היזמות בנגב קצת עלינו התוכניות שלנו Students Think Innovation קרן קקטוס קפיטל LEADERS Oazis Negev Plus קהילות יזמות…,כללי,public,https://bgu.ac.il/yazamut360/he/portfolio
general_misc,לשכת סגן הנשיא לפיתוח אזורי ותעשייתי,לשכת סגן הנשיא לפיתוח אזורי ותעשייתי,סגן הנשיא לפיתוח אזורי ותעשייתי לשכת סגן הנשיא לפיתוח אזורי ותעשייתי הושקה מעבדה לפתרון סוגיות עירוניות ומרחביות באמצעים טכנולוגיים 21 | 2025 דיתי הורביץ - ארד הכירו:…,כללי,public,https://bgu.ac.il/u/vp/vp-rid
general_misc,נגב פריים | הכשרה מעשית למסחר באמזון | על התוכנית,נגב פריים | הכשרה מעשית למסחר באמזון | על התוכנית,"פיתוח אישי אתם תלמדו התנהלות פיננסית, רישום פטנטים, פרסום ושיווק, ניהול זמן ומשימות, קופירייטינג | פתיחת עסק עצמאי התוכנית תלווה אתכם עד לפתיחת חנות באמזון והקמת עסק…",כללי,public,https://bgu.ac.il/yazamut360/he/negev-plus/about
general_misc,נגב-פלוס | המסלול לאי-קומרס ואמזון של אוניברסיטת בן-גוריון,נגב-פלוס | המסלול לאי-קומרס ואמזון של אוניברסיטת בן-גוריון,"על נגב-פלוס Yazamut 360 מהנגב לאמזון, ביחד צעד ראשון לאמזון | עם ליווי אישי, הכשרה מעשית, כלים וקהילת יזמות בשיתוף עם: נגב פלוס: המסלול לאי-קומרס מאחורי כל מוצר שנכנס…",כללי,public,https://bgu.ac.il/yazamut360/he/negev-plus
general_misc,"פרס המצוינות ביזמות ע""ש אירה אינגרמן","פרס המצוינות ביזמות ע""ש אירה אינגרמן",סטודנטים וסטודנטיות חוקרים וחוקרות אקוסיסטם היזמות בנגב קצת עלינו התוכניות שלנו Students Think Innovation קרן קקטוס קפיטל LEADERS Oazis Negev Plus קהילות יזמות…,כללי,public,https://bgu.ac.il/yazamut360/he/iraingermanaward
general_misc,צוות יזמות,צוות יזמות,סטודנטים וסטודנטיות חוקרים וחוקרות אקוסיסטם היזמות בנגב קצת עלינו התוכניות שלנו Students Think Innovation קרן קקטוס קפיטל LEADERS Oazis Negev Plus קהילות יזמות…,כללי,public,https://bgu.ac.il/yazamut360/he/team
general_misc,"קהילה למנהלי קהילות | Yazamut360 - הכשרה, השראה וחיבורים","קהילה למנהלי קהילות | Yazamut360 - הכשרה, השראה וחיבורים","הקהילות שלנו הכשרה מנק""לים דרושים בקהילות יזמות 360 הקהילות שלנו עברית מנכ""לים מכשירים מנק""לים קהילה למנהלי קהילות כי בחרת להוביל | אנחנו מאמינים שההשקעה הכי משתלמת היא…",כללי,public,https://bgu.ac.il/yazamut360/he/communities/train
general_misc,קהילות היזמות באוניברסיטת בן־גוריון | יזמות 360,קהילות היזמות באוניברסיטת בן־גוריון | יזמות 360,"הקהילות שלנו הכשרה מנק""לים דרושים בקהילות יזמות 360 הקהילות שלנו הקהילות שלנו אז… לאיזו קהילה בא לך להצטרף | נושאים שונים, חוויה אחת מגוון הקהילות הוא שלא נראה כדוגמתו –…",כללי,public,https://bgu.ac.il/yazamut360/he/communities/our-communities
general_misc,קהילות יזמות סטודנטיאליות | אוניברסיטת בן-גוריון בנגב,קהילות יזמות סטודנטיאליות | אוניברסיטת בן-גוריון בנגב,"הקהילות שלנו הכשרה מנק""לים דרושים בקהילות יזמות 360 הקהילות שלנו קהילות יזמות – אלההאנשים שלך להתחבר, להתפתח ולהשפיע בכל תחום שמעניין אותך קהילות יזמות - מקוםלהשתייך…",כללי,public,https://bgu.ac.il/yazamut360/he/communities
general_misc,الباحثين,الباحثين,شكرنا خططنا أحداث شركات المحفظة شبكة الخريجين فريقنا عربيه عربيه امنح بحثك الفرصة لتغيير العالم احصل على الشركاء والأدوات والإرشادات التي تحتاجها لتحويل التكنولوجيا…,כללי,public,https://bgu.ac.il/yazamut360/researchers/ar
general_misc,ريادة الأعمال في النظام البيئي,ريادة الأعمال في النظام البيئي,شكرنا خططنا أحداث شركات المحفظة شبكة الخريجين فريقنا عربيه عربيه وضع النقب على طريق الرخاء سواء كان هدفك هو أن تصبح رئيسًا تنفيذيًا أو موظفًا ناجحًا، فإن المهارات…,כללי,public,https://bgu.ac.il/yazamut360/partners/ar
general_misc,طلاب,طلاب,شكرنا خططنا أحداث شركات المحفظة شبكة الخريجين فريقنا عربيه امنح بحثك الفرصة لتغيير العالم احصل على الشركاء والأدوات والإرشادات التي تحتاجها لتحويل التكنولوجيا الناشئة…,כללי,public,https://bgu.ac.il/yazamut360/ar
general_services_maps_contact,הצהרת נגישות - אוניברסיטת בן-גוריון בנגב,הצהרת נגישות - אוניברסיטת בן-גוריון בנגב,"הצהרת נגישות הצהרת נגישות אוניברסיטת בן-גוריון בנגב פועלת ומקדמת את נושא הנגישות | אנו רואים באוכלוסייה עם מוגבלות אוכלוסייה שוות זכויות, הזכאית ליהנות מנגישות מלאה…",שירותים כלליים,public,https://bgu.ac.il/general/accessibility
general_services_maps_contact,ידידים ואורחים של אוניברסיטת בן-גוריון בנגב: ברוכים הבאים!,ידידים ואורחים של אוניברסיטת בן-גוריון בנגב: ברוכים הבאים!,מידע שימושי לידידים ואורחים מידע שימושי לידידים ואורחים לידידים ואורחים ויזות ואשרות עבודה מושב חבר הנאמנים מלונית U-Tel בכפר הסטודנטים קשרי ציבור ופיתוח משאבים -…,שירותים כלליים,public,https://bgu.ac.il/friends-lobby
general_services_maps_contact,יצירת קשר עם אוניברסיטת בן-גוריון בנגב,יצירת קשר עם אוניברסיטת בן-גוריון בנגב,יצירת קשר יצירת קשר השאירו פרטים ונחזור אליכם *שם פרטי ומשפחה *מייל *נייד *באיזה נושא | **פנייה לגורם *מה תרצו לדעת,"שירותים כלליים, יצירת קשר",public,https://bgu.ac.il/general-contact-us
general_services_maps_contact,מדיניות פרטיות,מדיניות פרטיות,אמנת מדיניות פרטיות – אתר האינטרנט של אוניברסיטת בן-גוריון בנגב אמנת מדיניות פרטיות – אתר האינטרנט של אוניברסיטת בן-גוריון בנגב בכל שאלה בנוגע למדיניות הפרטיות של אתר…,שירותים כלליים,public,https://bgu.ac.il/general/privacy
general_services_maps_contact,מפות ודרכי הגעה - אוניברסיטת בן-גוריון בנגב,מפות ודרכי הגעה - אוניברסיטת בן-גוריון בנגב,"מפות ודרכי הגעה מפת הקמפוס ע""ש משפחת מרקוס בבאר-שבע מפת הקמפוס למפת הקמפוס המפורטת (PDF) הקמפוס ע""ש​ משפחת מרקוס, באר-שבע דרכי הגעה: לאוניברסיטת בן-גוריון בנגב, הקרייה…","שירותים כלליים, מפות",public,https://bgu.ac.il/general/maps
housing_dorms,"דיור, מעונות ומתחמי המגורים באוניברסיטת בן-גוריון בנגב",,"דיור ומעונות דיור ומעונות מתחמי המגורים עוצבו ותוכננו כך שיענו על כלל צרכיהם הייחודיים של הסטודנטים והסטודנטיות, תוך שימת דגש על אווירה סטודנטיאלית לצד חיי חברה וקהילה…","מעונות, דיור",public,https://bgu.ac.il/housing
housing_dorms,דירות אירוח לטווח ארוך באוניברסיטת בן-גוריון בנגב,דירות אירוח לטווח ארוך באוניברסיטת בן-גוריון בנגב,דיור ומעונות דירות אירוח לטווח ארוך דירות אירוח לטווח ארוך מיועדות לאורחי האוניברסיטה המגיעים לתקופה של חודשיים ויותר | טופס רישום כתובת הדירה רחוב אלכסנדר ינאי 4 פינת…,"מעונות, דיור",public,https://bgu.ac.il/housing/beer-sheva/guest-rooms
housing_dorms,החיים במעונות: הרבה יותר מדירה ליד הקמפוס,החיים במעונות: הרבה יותר מדירה ליד הקמפוס,למועמדים ולמועמדות הבלוג כל מה שצריך לדעת לקראת הלימודים באוניברסיטה החיים במעונות: הרבה יותר מדירה ליד הקמפוס החיים במעונות: הרבה יותר מדירה ליד הקמפוס 05,מעונות,public,https://bgu.ac.il/welcome/blog/articles/life-in-the-dorms
housing_dorms,הנחיות לקראת זיכוי דירה- מעונות הסטודנטים - קמפוס אילת,הנחיות לקראת זיכוי דירה- מעונות הסטודנטים - קמפוס אילת,דיור ומעונות הנחיות לקראת זיכוי דירה הנחיות לקראת זיכוי דירה נקה ושטוף את החדר והדירה | במידה ונעשו חורים בקיר הקפד לסתום אותם (חומר תיקון ניתן לקבל אצל אב הבית),"מעונות, דיור",public,https://bgu.ac.il/housing/standards/checkout_eilat
housing_dorms,כפר הסטודנטים של אוניברסיטת בן-גוריון בנגב,כפר הסטודנטים של אוניברסיטת בן-גוריון בנגב,דיור ומעונות כפר הסטודנטים כפר הסטודנטים חשבת שהחיים הסטודנטיאליים באוניברסיטת בן-גוריון בנגב הם משהו מיוחד | ​ העלינו אותם לרמה אחרת לגמרי,"מעונות, הרשמה, דיור",public,https://bgu.ac.il/housing/beer-sheva/student-village
housing_dorms,מגורי מחקר | לתלמידי ותלמידות המחקר בבן-גוריון | קמפוס באר שבע,מגורי מחקר | לתלמידי ותלמידות המחקר בבן-גוריון | קמפוס באר ש,דיור ומעונות מגורי תלמידות ותלמידי מחקר מגורי תלמידות ותלמידי מחקר חויית מגורים בסביבה איכותית וקרובה לאוניברסיטה שמבטיחה שילוב אופטימאלי של בניית הקריירה האקדמית במקביל…,"מעונות, דיור, קריירה, מחקר",public,https://bgu.ac.il/housing/sde-boker/bs-dorms-research
housing_dorms,מגורי תלמידי.ות מחקר - קמפוס באר שבע,מגורי תלמידי.ות מחקר - קמפוס באר שבע,דיור ומעונות מגורי תלמידות ותלמידי מחקר מגורי תלמידות ותלמידי מחקר חווית מגורים בסביבה איכותית וקרובה לאוניברסיטה שמבטיחה שילוב אופטימאלי של בניית הקריירה האקדמית במקביל…,"מעונות, דיור, קריירה, מחקר",public,https://bgu.ac.il/housing/beer-sheva/bs-dorms-research
housing_dorms,מדריך למגורים בבאר-שבע,מדריך למגורים בבאר-שבע,למועמדים ולמועמדות הבלוג כל מה שצריך לדעת לקראת הלימודים באוניברסיטה מדריך למגורים בבאר-שבע מדריך למגורים בבאר-שבע אחת החוויות הייחודיות ביותר ללימודים באוניברסיטת…,מעונות,public,https://bgu.ac.il/welcome/blog/articles/beer-sheva-student-housing-guide
housing_dorms,מועדי רישום למתחמי המגורים והמעונות של אוניברסיטת בן-גוריון בנגב,מועדי רישום למתחמי המגורים והמעונות של אוניברסיטת בן-גוריון ,"דיור ומעונות מועדי הרשמה לשנת תשפ""ו מועדי הרשמה לשנת תשפ""ו ​​​​​מתי נפתחת ההרשמה למעונות ומתחמי המגורים השונים באוניברסיטת בן-גוריון בנגב בשנת הלימודים תשפ""ו קמפוס…","מעונות, הרשמה, דיור",public,https://bgu.ac.il/housing/standards/registration-dates
housing_dorms,מידע ושירותים במלונית,מידע ושירותים במלונית,"דיור ומעונות מידע ושירותים במלונית קבלת חדרים צ'ק אין החל מהשעה 14:00, צ'ק אאוט עד השעה 11:00 בבוקר שירותי חניה חניה חינם- במתחם קיימת חניה משולטת המיועדת ללא תשלום עבור…","מעונות, תשלומים, דיור",login_required,https://bgu.ac.il/housing/standards/u-tel-regoulation-and-administration
housing_dorms,"מידע נוסף לקראת שנת הלימודים תשפ""ד","מידע נוסף לקראת שנת הלימודים תשפ""ד","דיור ומעונות מידע נוסף לקראת שנת הלימודים תשפ""ד מידע נוסף לקראת שנת הלימודים תשפ""ד ההרשמה למעונות לשנת תשפ""ד תפתח ב 01 | 23 הרשמה למעונות ההרשמה למעונות לשנת תשפ""ד תפתח…","מעונות, הרשמה, דיור",public,https://bgu.ac.il/housing/standards/info_eilat_2023
housing_dorms,מלגת מעונות למשרתי ומשרתות מילואים במלחמת חרבות ברזל,מלגת מעונות למשרתי ומשרתות מילואים במלחמת חרבות ברזל,למועמדים ולמועמדות מתחם המלגות מלגת מעונות למשרתי ומשרתות מילואים במלחמת חרבות ברזל מלגת מעונות למשרתי ומשרתות מילואים במלחמת חרבות ברזל ההרשמה פתוחה כל השנה הוספה…,"מעונות, מלגות, מילואים, הרשמה",public,https://bgu.ac.il/welcome/ba/scholarship-lobby/reserve-housing
housing_dorms,מלגת מעונות למשרתי ומשרתות מילואים במלחמת חרבות ברזל,מלגת מעונות למשרתי ומשרתות מילואים במלחמת חרבות ברזל,למועמדים ולמועמדות מתחם המלגות מלגת מעונות למשרתי ומשרתות מילואים במלחמת חרבות ברזל מלגת מעונות למשרתי ומשרתות מילואים במלחמת חרבות ברזל ההרשמה פתוחה כל השנה הוספה…,"מעונות, מלגות, מילואים, הרשמה",public,https://bgu.ac.il/welcome/scholarship/dorms-scholarship
housing_dorms,מלונית U-Tel בכפר הסטודנטים,מלונית U-Tel בכפר הסטודנטים,"דיור ומעונות מלונית U-Tel בכפר הסטודנטים מלונית U-Tel בכפר הסטודנטים מלונית האוניברסיטה, המיועדת לחברות ולחברי סגל האוניברסיטה ולאורחיה | ריהוט מלא דירה מלאה עם כל מה…","מעונות, דיור, סגל",public,https://bgu.ac.il/housing/beer-sheva/u-tel
housing_dorms,מעונות ד' - קמפוס באר שבע,מעונות ד' - קמפוס באר שבע,דיור ומעונות מעונות ד' מעונות ד' לחווית הקמפוס המלאה | עם פחות דאגות ויותר נוחות,"מעונות, הרשמה, דיור",public,https://bgu.ac.il/housing/beer-sheva/bs-dorms-daled
housing_dorms,מעונות הסטודנטים בקמפוס אילת - אוניברסיטת בן-גוריון,מעונות הסטודנטים בקמפוס אילת - אוניברסיטת בן-גוריון,"דיור ומעונות מעונות קמפוס אילת מעונות קמפוס אילת מתחם המגורים עוצב ותוכנן כך שיענה על כלל צרכיהם הייחודים של הסטודנטים והסטודנטיות, תוך שימת דגש על אווירה סטודנטיאלית…","מעונות, הרשמה, דיור",public,https://bgu.ac.il/housing/eillat/eilat-dorms
housing_dorms,מרכז הייעוץ וההכוון – מידע על הרשמה וקבלה | אוניברסיטת בן-גוריון בנגב,מרכז הייעוץ וההכוון – מידע על הרשמה וקבלה | אוניברסיטת בן-גו,למועמדים ולמועמדות מרכז הייעוץ וההכוון ללימודים - מידע על רישום וקבלה מרכז הייעוץ וההכוון ללימודים - מידע על רישום וקבלה ​​​​​צוות מרכז הייעוץ וההכוון כאן בשביל לעזור לך…,"מעונות, הרשמה",public,https://bgu.ac.il/welcome/contents/admissions-advisor
housing_dorms,נהלי דירות האירוח של אוניברסיטת בן-גוריון,נהלי דירות האירוח של אוניברסיטת בן-גוריון,דיור ומעונות נהלי דירות האירוח של אוניברסיטת בן-גוריון נהלי דירות האירוח של אוניברסיטת בן-גוריון נוהלי הזמנה ותשלום: יש למלא את טופס הרישום לדירות האירוח ולשלוח למייל…,"מעונות, תשלומים, דיור, אישורים",login_required,https://bgu.ac.il/housing/standards/guest-room-info
housing_dorms,נוהלי הזמנה ורישום לדירות האירוח,נוהלי הזמנה ורישום לדירות האירוח,דיור ומעונות נוהלי הזמנה ורישום לדירות האירוח נוהלי הזמנה ורישום לדירות האירוח יש למלא את הטופס המצורף ולשלוח למייל - megurim@bgu | il טופס הרשמה -> תשלומים דייר שפרטיו…,"מעונות, תשלומים, הרשמה, דיור",public,https://bgu.ac.il/housing/standards/registration-guest-apartments
housing_dorms,נוהלי הזמנה ותשלום לU-Tel,נוהלי הזמנה ותשלום לU-Tel,"דיור ומעונות נוהלי הזמנה ותשלום לU-Tel: נוהלי הזמנה ותשלום לU-Tel: כל מה שצריך לדעת כדי לשריין חדר אצלנו לטובת שריון חדר, נא מלא טופס הזמנה ולאחר האישור יש להסדיר את…","מעונות, תשלומים, דיור, אישורים",public,https://bgu.ac.il/housing/standards/u-tel-t-terms
housing_dorms,עוד קצת עלינו,עוד קצת עלינו,"דיור ומעונות עוד קצת עלינו עוד קצת עלינו סביבת המעונות וההווי החברתי המעונות ממוקמים כ-5 דקות הליכה מהקמפוס | בקרבת המעונות ישנם מתחמי בילוי, סופר, מרכז הספורט של…","מעונות, דיור",public,https://bgu.ac.il/housing/standards/more-information
housing_dorms,תהליך טיפול בבקשה,תהליך טיפול בבקשה,דיור ומעונות תהליך טיפול בבקשה תהליך טיפול בבקשה תהליך טיפול בבקשה קליטת בקשת הסיוע והזנת הנתונים: החלטות לבקשה: תשובה חיובית או תשובה שלילית | התשובות מתפרסמות בשירות…,"מעונות, תשלומים, דיור",public,https://bgu.ac.il/housing/standards/request-prosess-housing
library_research_tools,אוניברסיטת בן-גוריון בנגב: מדע פורץ דרך מהנגב לישראל ולעולם,מדע פורץ דרך מהנגב לישראל ולעולם,"לגלות עוד תוכניות לימודים מחקר וחדשנות מעורבות חברתית ההרשמה לתשפ""ז בעיצומה בקרו באתר החדש של הספרייה המרכזית ע""ש זלמן ארן יריד תעסוקה בן-גוריוני 07 | 2026 דיתי…","ספרייה, הרשמה, קריירה, מחקר",public,https://bgu.ac.il/
library_research_tools,"הארכיון לתולדות ההתיישבות בנגב ע""ש דוד טוביהו","הארכיון לתולדות ההתיישבות בנגב ע""ש דוד טוביהו","הספרייה המרכזית ע""ש זלמן ארן הארכיון לתולדות ההתיישבות בנגב ע""ש דוד טוביהו הארכיון לתולדות ההתיישבות בנגב ע""ש דוד טוביהו ארכיון הנגב ע""ש דוד טוביהו מתעד את באר שבע והנגב…",ספרייה,public,https://bgu.ac.il/u/library/aranne/tuviyahu
library_research_tools,"הספרייה המרכזית ע""ש זלמן ארן","הספרייה המרכזית ע""ש זלמן ארן","הספרייה המרכזית ע""ש ארן הספרייה מאחלת הצלחה בלימודים ובמחקר שתהיה שנה פורייה ושקטה | ) כניסה לאזור אישי הספרייה פתוחה: ימים א'-ה' 8:30-21:45 שירותי הספרייה שעות פתיחה…","ספרייה, תשלומים, מחקר",public,https://bgu.ac.il/u/library/aranne
library_research_tools,"כל האירועים - הספרייה המרכזית ע""ש זלמן ארן","כל האירועים - הספרייה המרכזית ע""ש זלמן ארן","הספרייה המרכזית ע""ש זלמן ארן אירועי הספרייה אירועי הספרייה סוג אירוע תחום עניין קמפוס כניסה חופשית אירוע מקוון 19 מאי 26 יום ג׳, ג' בסיוון כניסה חופשית שיתוף בימת…",ספרייה,public,https://bgu.ac.il/u/library/aranne/events
library_research_tools,ספריית קמפוס אילת,ספריית קמפוס אילת,קמפוס אילת ספריית קמפוס אילת ספריית קמפוס אילת מידע כללי על ספריית קמפוס אילת בספרייה של אוניבר​סיטת בן-גוריון בנגב - קמפוס אילת יש אוסף של ספרים וכתבי עת בנושאים שונים…,ספרייה,login_required,https://bgu.ac.il/u/campus/eilat/library-eilat
miluim_emergency,מסך הזדהות,מסך הזדהות,חרבות ברזל שם משתמש סיסמה מספר זהות כניסה שכחתי ססמה הצהרת נגישות הצהרת פרטיות,"מילואים, מערכת",login_required,https://bgu4u22.bgu.ac.il/apex/f?p=2004%3A101
research_centers_innovation,חוקרים וחדשנות | ממחקר פורץ דרך לסטארטאפ במרכז יזמות 360°,חוקרים וחדשנות | ממחקר פורץ דרך לסטארטאפ במרכז יזמות 360°,סטודנטים וסטודנטיות חוקרים וחוקרות אקוסיסטם היזמות בנגב קצת עלינו התוכניות שלנו Students Think Innovation קרן קקטוס קפיטל LEADERS Oazis Negev Plus קהילות יזמות…,מחקר,public,https://bgu.ac.il/yazamut360/researchers/he
research_centers_innovation,מרכזי המחקר שלנו,מרכזי המחקר שלנו,מחקר בבן-גוריון מרכזי המחקר שלנו מרכזי המחקר שלנו קטלוג מרכזי המחקר עוד מחקר מרכזים ומכונים סינון לפי: ניקוי תחומי מחקר 40 מרכזי מחקר מולטי-דיסציפלינרי המרכז לאנרגיה…,"מחקר, מרכזי מחקר",public,https://bgu.ac.il/research-at-bgu/catalog
scholarships_financial_aid,הפסקת לימודים וביטול הרשמה,הפסקת לימודים וביטול הרשמה,למועמדים ולמועמדות שכר לימוד ותשלומים הפסקת לימודים וביטול הרשמה הפסקת לימודים וביטול הרשמה תקנון הפסקת לימודים וביטול הרשמה ​ תקנון הפסקת לימודים וביטול הרשמה כללי…,"מלגות/תשלומים, שכר לימוד, תשלומים, הרשמה",public,https://bgu.ac.il/welcome/payments-lobby/studies-cessation
scholarships_financial_aid,לובי מלגות לתארים מתקדמים,לובי מלגות לתארים מתקדמים,למועמדים ולמועמדות מלגות ופרסים לתארים מתקדמים מלגות ופרסים לתארים מתקדמים איזו מלגה מתאימה לכם | סוגי מלגות באוניברסיטת בן-גוריון בנגב דוקטורט בתר-דוקטורט תואר ראשון…,"מלגות/תשלומים, מלגות, תואר ראשון, תואר שני, דוקטורט",public,https://bgu.ac.il/welcome/ma/scholarship
scholarships_financial_aid,מדריך לפיצול שוברים באינטרנט,מדריך לפיצול שוברים באינטרנט,למועמדים ולמועמדות שכר לימוד ותשלומים מימוש חלקי מפיקדון לתשלום שנתי מראש - מדריך לפיצול שוברים באינטרנט מימוש חלקי מפיקדון לתשלום שנתי מראש - מדריך לפיצול שוברים…,"מלגות/תשלומים, שכר לימוד, תשלומים",public,https://bgu.ac.il/welcome/payments-lobby/payments-content/pikdonot
scholarships_financial_aid,מידע על שוברים,מידע על שוברים,"למועמדים ולמועמדות שכר לימוד ותשלומים מועדי תשלום ואמצעי תשלום מקובלים מועדי תשלום ואמצעי תשלום מקובלים איך משלמים שוברים, אמצעי תשלום, אופן פריסת התשלום תשלום שוברים -…","מלגות/תשלומים, שכר לימוד, תשלומים",public,https://bgu.ac.il/welcome/payments-lobby/payments-info
scholarships_financial_aid,מלגות לתואר ראשון באוניברסיטת בן-גוריון בנגב,מלגות לתואר ראשון באוניברסיטת בן-גוריון בנגב,למועמדים ולמועמדות מלגות לימודים לתואר ראשון ב-BGU מלגות לימודים לתואר ראשון ב-BGU כל סטודנט וסטודנטית בבן-גוריון יכולים ליהנות ממלגה | אנו מציעים מלגות סיוע כספי על…,"מלגות/תשלומים, מלגות, תואר ראשון",public,https://bgu.ac.il/welcome/ba/scholarship-lobby
scholarships_financial_aid,מלגות לתלמידי ותלמידות מחקר,מלגות לתלמידי ותלמידות מחקר,"למועמדים ולמועמדות מלגות לתלמידי ותלמידות מחקר מקורות מידע בנוגע למלגות כללי המלגות האוניברסיטאיים מלגות מטעם הפקולטות והמחלקות מלגות בי""ס קרייטמן לדוקטורנטים","מלגות/תשלומים, מלגות, דוקטורט, מחקר",public,https://bgu.ac.il/welcome/contents/after-admission/advancedscholars
scholarships_financial_aid,סידור תשלומים קדם-אקדמי,סידור תשלומים קדם-אקדמי,"למועמדים ולמועמדות שכר לימוד ותשלומים סידור תשלומים קדם-אקדמי סידור תשלומים קדם-אקדמי כל המידע שצריך לדעת על שכר לימוד, תשלומים, ופעולות תשלום באיזור האישי תעריפים (נכון…","מלגות/תשלומים, שכר לימוד, תשלומים, הרשמה",public,https://bgu.ac.il/welcome/payments-lobby/pre_payments
scholarships_financial_aid,סידור תשלומים תואר שלישי,סידור תשלומים תואר שלישי,"למועמדים ולמועמדות שכר לימוד ותשלומים סידור תשלומים תואר שלישי סידור תשלומים תואר שלישי כל המידע שצריך לדעת על שכר לימוד, תשלומים, ופעולות תשלום באיזור האישי תעריפים…","מלגות/תשלומים, שכר לימוד, תשלומים, הרשמה",public,https://bgu.ac.il/welcome/payments-lobby/doc_payments
scholarships_financial_aid,"פטורים, הכרות, מימונים ומלגות","פטורים, הכרות, מימונים ומלגות","למועמדים ולמועמדות שכר לימוד ותשלומים פטורים, הכרות, מימונים ומלגות פטורים, הכרות, מימונים ומלגות סטודנטיות וסטודנטים ממומנים פטורים והכרות סטודנטיות וסטודנטים ממומנים…","מלגות/תשלומים, מלגות, שכר לימוד",public,https://bgu.ac.il/welcome/payments-lobby/exemptions-recognition-funding-scholarships
scholarships_financial_aid,ריבית והפרשי הצמדה,ריבית והפרשי הצמדה,למועמדים ולמועמדות שכר לימוד ותשלומים ריבית והפרשי הצמדה ריבית והפרשי הצמדה הפרשי הצמדה לשכר לימוד ונלווים הפרשי הצמדה לשכר לימוד ונלווים שכר הלימוד האוניברסיטאי צמוד…,"מלגות/תשלומים, שכר לימוד, תשלומים",public,https://bgu.ac.il/welcome/payments-lobby/interest
scholarships_financial_aid,שכר לימוד ותשלומים,שכר לימוד ותשלומים,"למועמדים ולמועמדות שכר לימוד ותשלומים שכר לימוד ותשלומים כל המידע שצריך לדעת על שכר לימוד, תשלומים, ופעולות תשלום באיזור האישי כל הפעולות במקום אחד כניסה לאזור האישי שלך…","מלגות/תשלומים, שכר לימוד, תשלומים",public,https://bgu.ac.il/welcome/payments-lobby
staff_faculty_careers,קישורים שימושיים לחברי וחברות הסגל באוניברסיטת בן-גוריון בנגב,קישורים שימושיים לחברי וחברות הסגל באוניברסיטת בן-גוריון בנג,"מידע שימושי לסגל האוניברסיטה מידע שימושי לסגל האוניברסיטה הפורטל הבן-גוריוני חברות וחברי סגל יקרים, כחלק ממעבר לתשתית דיגיטלית חדשה ומתקדמת, תהליך ההסבה של התכנים אל…","סגל/קריירה, סגל",login_required,https://bgu.ac.il/faculty-lobby
staff_faculty_careers,קריירה ומשרות פתוחות באוניברסיטת בן-גוריון בנגב,קריירה ומשרות פתוחות באוניברסיטת בן-גוריון בנגב,קריירה באוניברסיטת בן-גוריון בנגב קריירה באוניברסיטת בן-גוריון בנגב ​​​​​אוניברסיטת בן-גוריון בנגב מצרפת לשורותיה בכל שנה את החוקרות והחוקרים המעולים ביותר ומגייסת…,"סגל/קריירה, קריירה, משרות",public,https://bgu.ac.il/recruitment
systems_and_login,BGU_TITLE - מחשבונים למועמדים,BGU_TITLE - מחשבונים למועמדים,BGU_TITLE - מחשבונים למועמדים,"מערכות, מערכת",public,https://bgu4u.bgu.ac.il/html/average_calc/index.php
systems_and_login,welcome page,welcome page,אזור אישי למועמדים ולמועמדות מספר זהות (ערך נדרש) המשך בעיה בכניסה למערכת | נשמח לעזור כאן הצהרת נגישותהצהרת פרטיות,"מערכות, מערכת, התחברות",public,https://bgu4u22.bgu.ac.il/apex/10g/r/kioskinfo/login
systems_and_login,welcome page,welcome page,אזור אישי למועמדים ולמועמדות מספר זהות (ערך נדרש) המשך בעיה בכניסה למערכת | נשמח לעזור כאן הצהרת נגישותהצהרת פרטיות,"מערכות, מערכת, התחברות",public,https://bgu4u22.bgu.ac.il/apex/10g/r/newlogin/login
systems_and_login,אוניברסיטת בן-גוריון בנגב - מערכת אישורים בתשלום<br> מסך הזדהות,אוניברסיטת בן-גוריון בנגב - מערכת אישורים בתשלום<br> מסך הזד,אוניברסיטת בן-גוריון בנגב - מערכת אישורים בתשלום<br> מסך הזדהות,"מערכות, תשלומים, אישורים, מערכת",login_required,https://bgu4u.bgu.ac.il/pls/scwp/!app.gate?app=wsn
systems_and_login,אוניברסיטת בן-גוריון בנגב - קובץ הקורסים,אוניברסיטת בן-גוריון בנגב - קובץ הקורסים,אוניברסיטת בן-גוריון בנגב - קובץ הקורסים,"מערכות, מערכת",public,https://bgu4u.bgu.ac.il/pls/scwp/!app.gate?app=ann
systems_and_login,מסך הזדהות,מסך הזדהות,שירותי מידע לסטודנטים שם משתמש סיסמה מספר זהות כניסה שכחתי ססמה הצהרת נגישות הצהרת פרטיות,"מערכות, מערכת",login_required,https://bgu4u22.bgu.ac.il/apex/f?p=1004%3A101%3A%3A%3A%3A%3A%3A
systems_and_login,מסך הזדהות,מסך הזדהות,ראשי *שם משתמש (Value Required) *סיסמה (Value Required) *מספר זהות (Value Required) כניסה למערכת דרישות מערכת והמלצות שימוש שכחתי סיסמה,"מערכות, מערכת",login_required,https://bgu4u22.bgu.ac.il/apex/f?p=114%3A101
systems_and_login,מסך הזדהות,מסך הזדהות,שירותי מידע לסטודנטים שם משתמש סיסמה מספר זהות כניסה שכחתי ססמה הצהרת נגישות הצהרת פרטיות,"מערכות, מערכת, התחברות",login_required,https://bgu4u22.bgu.ac.il/apex/f?p=104%3ALOGIN_DESKTOP
systems_and_login,מסך הזדהות,מסך הזדהות,שירותי מידע לסטודנטים שם משתמש סיסמה מספר זהות כניסה שכחתי ססמה הצהרת נגישות הצהרת פרטיות,"מערכות, מערכת",login_required,https://bgu4u.bgu.ac.il/pls/apex/f
systems_and_login,מסך הזדהות,מסך הזדהות,ראשי שם משתמש (Value Required) סיסמה (Value Required) מספר זהות (Value Required) Login דרישות מערכת והמלצות שימוש שכחתי סיסמה,"מערכות, מערכת, התחברות",login_required,https://bgu4u22.bgu.ac.il/apex/f?p=110%3A22%3A%3A%3A%3A%3A%3A
systems_and_login,מסך הזדהות,מסך הזדהות,ראשי *שם משתמש (Value Required) *סיסמה (Value Required) *מספר זהות (Value Required) כניסה למערכת דרישות מערכת והמלצות שימוש שכחתי סיסמה,"מערכות, מערכת",login_required,https://bgu4u22.bgu.ac.il/apex/f?p=114%3A101%3A3000605279561
systems_and_login,מסך הזדהות,מסך הזדהות,שירותי מידע לסטודנטים שם משתמש סיסמה מספר זהות כניסה שכחתי ססמה הצהרת נגישות הצהרת פרטיות,"מערכות, מערכת, התחברות",login_required,https://bgu4u22.bgu.ac.il/apex/10g/r/f_login1004/login_desktop
systems_and_login,מסך הזדהות,מסך הזדהות,שירותי מידע לסטודנטים שם משתמש סיסמה מספר זהות כניסה שכחתי ססמה הצהרת נגישות הצהרת פרטיות,"מערכות, מערכת",login_required,https://bgu4u22.bgu.ac.il/apex/f?p=104%3A101%3A3000605279561
systems_and_login,מסך הזדהות,מסך הזדהות,ראשי *שם משתמש (Value Required) *סיסמה (Value Required) *מספר זהות (Value Required) כניסה למערכת דרישות מערכת והמלצות שימוש שכחתי סיסמה,"מערכות, מערכת",login_required,https://bgu4u22.bgu.ac.il/apex/f?p=114%3A101%3A3714268786871%3A
systems_and_login,תואר ראשון בקיימות ושמירת סביבה | אוניברסיטת בן-גוריון בנגב,תואר ראשון בקיימות ושמירת סביבה | אוניברסיטת בן-גוריון בנגב,למועמדים ולמועמדות תואר ראשון באוניברסיטת בן-גוריון בנגב תואר ראשון בקיימות ושמירת סביבה הרישום פתוח תואר ראשון בקיימות ושמירת סביבה קמפוס באר שבע תקופת לימוד 3 שנים…,"מערכות, תואר ראשון",login_required,https://bgu.ac.il/welcome/ba/catalog/categories/climate
bgu_links,בימת הספרייה: קבלת החלטות קבוצתיות: יתרונות וחסרונות,בימת הספרייה: קבלת החלטות קבוצתיות: יתרונות וחסרונות,בימת הספרייה: קבלת החלטות קבוצתיות: יתרונות וחסרונות,card,public,https://bgu.ac.il/events/library-stage-group-decision-making
bgu_links,הכנס השנתי ה-28 של האגודה הישראלית לתקשורת,הכנס השנתי ה-28 של האגודה הישראלית לתקשורת,הכנס השנתי ה-28 של האגודה הישראלית לתקשורת,card,public,https://bgu.ac.il/events/isca-conference-2026
bgu_links,ועידת האקלים השנייה לנוער: ישראל-אפריקה,ועידת האקלים השנייה לנוער: ישראל-אפריקה,ועידת האקלים השנייה לנוער: ישראל-אפריקה,card,public,https://bgu.ac.il/events/the-second-youth-climate-conference-israel-africa
bgu_links,"טקס הענקת פרס הצטיינות לחקר השואה ע""ש דבורה ומיכאל גולדהירש","טקס הענקת פרס הצטיינות לחקר השואה ע""ש דבורה ומיכאל גולדהירש","טקס הענקת פרס הצטיינות לחקר השואה ע""ש דבורה ומיכאל גולדהירש",card,public,https://bgu.ac.il/events/goldhirsch-excellence-award-for-holocaust-research
bgu_links,יום המדענית: נשים ונערות במקצועות ה-STEM,יום המדענית: נשים ונערות במקצועות ה-STEM,יום המדענית: נשים ונערות במקצועות ה-STEM,card,public,https://bgu.ac.il/events/women-in-science-day-2026
bgu_links,יום ייעוץ אישי לתואר ראשון בתל אביב,יום ייעוץ אישי לתואר ראשון בתל אביב,יום ייעוץ אישי לתואר ראשון בתל אביב,card,public,https://bgu.ac.il/events/nice-to-meet-you-tlv
bgu_links,יום פתוח בקמפוס אילת 25.5.26,יום פתוח בקמפוס אילת 25.5.26,יום פתוח בקמפוס אילת 25.5.26,card,public,https://bgu.ac.il/events/eilat-open-day
bgu_links,יום פתוח לתואר ראשון,יום פתוח לתואר ראשון,יום פתוח לתואר ראשון,card,public,https://bgu.ac.il/events/open-day
bgu_links,יריד התעסוקה השנתי של אוניברסיטת בן-גוריון בנגב,יריד התעסוקה השנתי של אוניברסיטת בן-גוריון בנגב,יריד התעסוקה השנתי של אוניברסיטת בן-גוריון בנגב,card,public,https://bgu.ac.il/events/annual-career-fair
bgu_links,קריאת דרך - סדרת הרצאות על ספרות ובודהיזם,קריאת דרך - סדרת הרצאות על ספרות ובודהיזם,קריאת דרך - סדרת הרצאות על ספרות ובודהיזם,card,public,https://bgu.ac.il/events/series-of-lectures-on-literature-and-buddhism
bgu_links,תערוכה ויום עיון: תערוכת Photovoice - דור ראשון להשכלה אקדמית מבעד לעדשה,תערוכה ויום עיון: תערוכת Photovoice - דור ראשון להשכלה אקדמית מבעד לעדשה,תערוכה ויום עיון: תערוכת Photovoice - דור ראשון להשכלה אקדמית מבעד לעדשה,card,public,https://bgu.ac.il/events/reuyim
bgu_links,חירום,חירום,חירום,footer,public,https://bgu.ac.il/u/admin/logistics/emergency
bgu_links,לימודי תעודה ולימודי המשך,לימודי תעודה ולימודי המשך,לימודי תעודה ולימודי המשך,footer,public,https://bgu.ac.il/welcome/continuestudy
bgu_links,מדיניות עריכת תוכן,מדיניות עריכת תוכן,מדיניות עריכת תוכן,footer,public,https://bgu.ac.il/general/content-editing-policy
bgu_links,תוכניות בין-לאומיות,תוכניות בין-לאומיות,תוכניות בין-לאומיות,footer,public,https://bgu.ac.il/en/study
bgu_links,תנאי קבלה לתואר ראשון בכל התוכניות,תנאי קבלה לתואר ראשון בכל התוכניות,תנאי קבלה לתואר ראשון בכל התוכניות,footer,public,https://bgu.ac.il/welcome/ba/reception-section-lobby
bgu_links,English,English,English,header,public,https://bgu.ac.il/en
bgu_links,מועדפים,מועדפים,מועדפים,header,public,https://bgu.ac.il/favorites
bgu_links,عربيه,عربيه,عربيه,header,public,https://bgu.ac.il/ar
bgu_links,عربيه,عربيه,عربيه,header,public,https://bgu.ac.il/ar/welcome
bgu_links,איפה אוכלים בקמפוס?,איפה אוכלים בקמפוס?,איפה אוכלים בקמפוס?,main,public,https://bgu.ac.il/general/campus-dining
bgu_links,יום פתוח לתואר ראשון,יום פתוח לתואר ראשון,יום פתוח לתואר ראשון,main,public,https://bgu.ac.il/welcome/blog/articles/open-day-what-is-it
bgu_links,לכתבה המלאה,לכתבה המלאה,לכתבה המלאה,main,public,https://bgu.ac.il/articles/career-fair
bgu_links,לקריאת הכתבה,לקריאת הכתבה,לקריאת הכתבה,main,public,https://bgu.ac.il/articles/bgu-graduate-among-torchlighters-on-78th-independence-day
bgu_links,לקריאת הכתבה,לקריאת הכתבה,לקריאת הכתבה,main,public,https://bgu.ac.il/articles/bgu-researchers-won-1-million-dollar-grant-from-the-food-and-agricultural-research-foundation
bgu_links,לקריאת הכתבה,לקריאת הכתבה,לקריאת הכתבה,main,public,https://bgu.ac.il/articles/first-of-its-kind-study-how-the-kidnappers-disk-became-a-national-symbol
bgu_links,לקריאת הכתבה,לקריאת הכתבה,לקריאת הכתבה,main,public,https://bgu.ac.il/articles/from-the-periphery-to-the-professor
bgu_links,לקריאת הכתבה,לקריאת הכתבה,לקריאת הכתבה,main,public,https://bgu.ac.il/articles/not-just-snoring-obstructive-sleep-apnea-damages-muscles
bgu_links,סמסטר אביב בבן-גוריון,סמסטר אביב בבן-גוריון,סמסטר אביב בבן-גוריון,main,public,https://bgu.ac.il/welcome/contents/spring-semester/spring-semester
bgu_links,"עתודאים, התפקדו!","עתודאים, התפקדו!","עתודאים, התפקדו!",main,public,https://bgu.ac.il/welcome/contents/idf/atuda-studies
bgu_links,"תואר ראשון בהנדסת בניין שילוב של ידע מדעי והנדסי עם יישומים מעשיים, להכשרת מהנדסות ומהנדסים שיובילו תהליכי תכנון, בנייה וניהול פרויקטים מתקדמים.","תואר ראשון בהנדסת בניין שילוב של ידע מדעי והנדסי עם יישומים מעשיים, להכשרת…","תואר ראשון בהנדסת בניין שילוב של ידע מדעי והנדסי עם יישומים מעשיים, להכשרת…",main,public,https://bgu.ac.il/welcome/ba/catalog/categories/building-and-construction-engineering
bgu_links,אגף המחשוב והסייבר,אגף המחשוב והסייבר,אגף המחשוב והסייבר,quick_links,public,https://bgu.ac.il/u/admin/computing
bgu_links,אגף השיווק,אגף השיווק,אגף השיווק,quick_links,public,https://bgu.ac.il/u/admin/marketing
bgu_links,אגף כספים,אגף כספים,אגף כספים,quick_links,public,https://bgu.ac.il/u/admin/finance
bgu_links,אגף תכנון תקצוב וכלכלה,אגף תכנון תקצוב וכלכלה,אגף תכנון תקצוב וכלכלה,quick_links,public,https://bgu.ac.il/u/admin/budgeting
bgu_links,אגף תפעול,אגף תפעול,אגף תפעול,quick_links,public,https://bgu.ac.il/u/admin/logistics
bgu_links,"אופ""ק | אוניברסיטה פעילה בקהילה","אופ""ק | אוניברסיטה פעילה בקהילה","אופ""ק | אוניברסיטה פעילה בקהילה",quick_links,public,https://in.bgu.ac.il/ofek/Pages/default.aspx
bgu_links,אותות פרסים והוקרות,אותות פרסים והוקרות,אותות פרסים והוקרות,quick_links,public,https://bgu.ac.il/awards-and-honors
bgu_links,אחרי שהתקבלת - כל מה שצריך לדעת לפני הלימודים,אחרי שהתקבלת - כל מה שצריך לדעת לפני הלימודים,אחרי שהתקבלת - כל מה שצריך לדעת לפני הלימודים,quick_links,public,https://bgu.ac.il/welcome/ba/accepted
bgu_links,אירועים,אירועים,אירועים,quick_links,public,https://bgu.ac.il/events
bgu_links,אירועים,אירועים,אירועים,quick_links,public,https://in.bgu.ac.il/pages/event-list.aspx
bgu_links,אפיקי מעבר,אפיקי מעבר,אפיקי מעבר,quick_links,public,https://bgu.ac.il/welcome/blog/articles/transfer-tracks
bgu_links,"בית הספר הבין-לאומי ללימודי מדבר ע""ש אלברט כץ","בית הספר הבין-לאומי ללימודי מדבר ע""ש אלברט כץ","בית הספר הבין-לאומי ללימודי מדבר ע""ש אלברט כץ",quick_links,public,https://bgu.ac.il/u/sde-boker/bidr/school/akis
bgu_links,בית הספר למדעי המוח ולקוגניציה,בית הספר למדעי המוח ולקוגניציה,בית הספר למדעי המוח ולקוגניציה,quick_links,public,https://bgu.ac.il/u/faculties/interdisciplinary/schools/brain-sciences-cognition
bgu_links,"בית הספר לקיימות ושינויי אקלים ע""ש גולדמן זוננפלד","בית הספר לקיימות ושינויי אקלים ע""ש גולדמן זוננפלד","בית הספר לקיימות ושינויי אקלים ע""ש גולדמן זוננפלד",quick_links,public,https://bgu.ac.il/u/faculties/interdisciplinary/schools/sustainability-climate-change
bgu_links,בית-ספר קרייטמן ללימודי מחקר מתקדמים,בית-ספר קרייטמן ללימודי מחקר מתקדמים,בית-ספר קרייטמן ללימודי מחקר מתקדמים,quick_links,public,https://bgu.ac.il/u/academic-affairs/kreitman-school
bgu_links,גלריית הסנאט,גלריית הסנאט,גלריית הסנאט,quick_links,public,https://bgu.ac.il/u/faculties/humanities-and-social-sciences/departments/arts/senate-gallery
bgu_links,גלריית טרומפלדור,גלריית טרומפלדור,גלריית טרומפלדור,quick_links,public,https://bgu.ac.il/u/faculties/humanities-and-social-sciences/departments/arts/trumpeldor-gallery
bgu_links,דיקנים ומנהלים,דיקנים ומנהלים,דיקנים ומנהלים,quick_links,public,https://bgu.ac.il/u/academic-affairs/acadsec/management-deans
bgu_links,האוניברסיטה והקהילה,האוניברסיטה והקהילה,האוניברסיטה והקהילה,quick_links,public,https://bgu.ac.il/community-engagement
bgu_links,הארכיונים לספרות עברית,הארכיונים לספרות עברית,הארכיונים לספרות עברית,quick_links,public,https://bgu.ac.il/u/research-centers/heksherim/hebrew-archives/hebrew-literature-archives
bgu_links,הודעות,הודעות,הודעות,quick_links,public,https://bgu.ac.il/announcements
bgu_links,הוועד המנהל,הוועד המנהל,הוועד המנהל,quick_links,public,https://bgu.ac.il/u/management/executive-committee
bgu_links,היחידה לביואינפורמטיקה,היחידה לביואינפורמטיקה,היחידה לביואינפורמטיקה,quick_links,public,https://in.bgu.ac.il/en/bioinfo/Pages/default.aspx
bgu_links,היחידה לקידום איכות ההוראה והלמידה,היחידה לקידום איכות ההוראה והלמידה,היחידה לקידום איכות ההוראה והלמידה,quick_links,public,https://bgu.ac.il/u/academic-affairs/academicdev
bgu_links,"המכונים לחקר המדבר ע""ש יעקב בלאושטיין","המכונים לחקר המדבר ע""ש יעקב בלאושטיין","המכונים לחקר המדבר ע""ש יעקב בלאושטיין",quick_links,public,https://bgu.ac.il/u/sde-boker/bidr
bgu_links,המרכז ללימודים קדם אקדמיים (מכינות),המרכז ללימודים קדם אקדמיים (מכינות),המרכז ללימודים קדם אקדמיים (מכינות),quick_links,public,https://bgu.ac.il/welcome/kdam
bgu_links,המרכז לפיתוח קריירה,המרכז לפיתוח קריירה,המרכז לפיתוח קריירה,quick_links,public,https://in.bgu.ac.il/Dekanat/career/Pages/default.aspx
bgu_links,המשרד להוגנות מגדרית,המשרד להוגנות מגדרית,המשרד להוגנות מגדרית,quick_links,public,https://bgu.ac.il/u/vp/gender-equity
bgu_links,הנופלים במערכות ישראל וחללי פעולות האיבה​ מקהילת האוניברסיטה,הנופלים במערכות ישראל וחללי פעולות האיבה​ מקהילת האוניברסיטה,הנופלים במערכות ישראל וחללי פעולות האיבה​ מקהילת האוניברסיטה,quick_links,public,https://bgu.ac.il/general/in-memoriam
bgu_links,הפקולטה למדעי הבריאות,הפקולטה למדעי הבריאות,הפקולטה למדעי הבריאות,quick_links,public,https://bgu.ac.il/u/faculties/health-sciences
bgu_links,הפקולטה למדעי ההנדסה,הפקולטה למדעי ההנדסה,הפקולטה למדעי ההנדסה,quick_links,public,https://bgu.ac.il/u/faculties/engineering
bgu_links,הפקולטה למדעי הטבע,הפקולטה למדעי הטבע,הפקולטה למדעי הטבע,quick_links,public,https://bgu.ac.il/u/faculties/natural-sciences
bgu_links,"הפקולטה למדעי המחשב והמידע ע""ש שטיין","הפקולטה למדעי המחשב והמידע ע""ש שטיין","הפקולטה למדעי המחשב והמידע ע""ש שטיין",quick_links,public,https://bgu.ac.il/u/faculties/computer-and-information-science
bgu_links,"הצהרת אחריות חברתית, צדק ושיוויון לכל הקבוצות בחברה הישראלית","הצהרת אחריות חברתית, צדק ושיוויון לכל הקבוצות בחברה הישראלית","הצהרת אחריות חברתית, צדק ושיוויון לכל הקבוצות בחברה הישראלית",quick_links,public,https://bgu.ac.il/general/equality
bgu_links,השתלמות בתר-דוקטור,השתלמות בתר-דוקטור,השתלמות בתר-דוקטור,quick_links,public,https://bgu.ac.il/welcome/contents/pre-registration/postdoctoral-research
bgu_links,התוכנית לסטטיסטיקה וניתוח נתונים,התוכנית לסטטיסטיקה וניתוח נתונים,התוכנית לסטטיסטיקה וניתוח נתונים,quick_links,public,https://bgu.ac.il/u/faculties/interdisciplinary/schools/statistics-data-analysis
bgu_links,התכנית האקדמית של קורס טיס,התכנית האקדמית של קורס טיס,התכנית האקדמית של קורס טיס,quick_links,public,https://in.bgu.ac.il/flight/Pages/default.aspx
bgu_links,חבר הנאמנים,חבר הנאמנים,חבר הנאמנים,quick_links,public,https://bgu.ac.il/u/management/board
bgu_links,חדשות,חדשות,חדשות,quick_links,public,https://bgu.ac.il/articles
bgu_links,חיפוש סגל,חיפוש סגל,חיפוש סגל,quick_links,public,https://bgu.ac.il/people
bgu_links,טיפול אתי ושימוש בבעלי חיים במחקר,טיפול אתי ושימוש בבעלי חיים במחקר,טיפול אתי ושימוש בבעלי חיים במחקר,quick_links,public,https://bgu.ac.il/u/faculties/health-sciences/animal-facility
bgu_links,לוח שנה אקדמי,לוח שנה אקדמי,לוח שנה אקדמי,quick_links,public,https://bgu.ac.il/academic-calendar
bgu_links,לימודי תואר שלישי PHD,לימודי תואר שלישי PHD,לימודי תואר שלישי PHD,quick_links,public,https://bgu.ac.il/welcome/phd-studies1
bgu_links,לכל השילובים,לכל השילובים,לכל השילובים,quick_links,public,https://bgu.ac.il/welcome/ba/combinations
bgu_links,למה בן-גוריון,למה בן-גוריון,למה בן-גוריון,quick_links,public,https://bgu.ac.il/welcome/ba/why-ben-gurion-university
bgu_links,לקראת הלימודים באוניברסיטה - הבלוג,לקראת הלימודים באוניברסיטה - הבלוג,לקראת הלימודים באוניברסיטה - הבלוג,quick_links,public,https://bgu.ac.il/welcome/blog/articles
bgu_links,מבנה ארגוני,מבנה ארגוני,מבנה ארגוני,quick_links,public,https://bgu.ac.il/general/bgu-organizational-structure
bgu_links,מבקר האוניברסיטה,מבקר האוניברסיטה,מבקר האוניברסיטה,quick_links,public,https://bgu.ac.il/u/management/comptroller
bgu_links,מועדון עמיתי תעשייה,מועדון עמיתי תעשייה,מועדון עמיתי תעשייה,quick_links,public,https://bgu.ac.il/u/faculties/engineering/departments/industrial-affiliates-program
bgu_links,מחלקת הבטחון,מחלקת הבטחון,מחלקת הבטחון,quick_links,public,https://bgu.ac.il/u/admin/logistics/security
bgu_links,מחקר בבן-גוריון,מחקר בבן-גוריון,מחקר בבן-גוריון,quick_links,public,https://bgu.ac.il/research-at-bgu
bgu_links,מחשבון ממוצע בגרות וסכם לתואר ראשון,מחשבון ממוצע בגרות וסכם לתואר ראשון,מחשבון ממוצע בגרות וסכם לתואר ראשון,quick_links,public,https://bgu.ac.il/welcome/contents/pre-registration/summative-scores-calculation
bgu_links,מידע לבוגרים ובוגרות,מידע לבוגרים ובוגרות,מידע לבוגרים ובוגרות,quick_links,public,https://bgu.ac.il/general/for-alumni
bgu_links,מכון בן-גוריון לחקר ישראל והציונות,מכון בן-גוריון לחקר ישראל והציונות,מכון בן-גוריון לחקר ישראל והציונות,quick_links,public,https://bgu.ac.il/u/sde-boker/bgri
bgu_links,מכון הקשרים לחקר הספרות והתרבות היהודית והישראלית,מכון הקשרים לחקר הספרות והתרבות היהודית והישראלית,מכון הקשרים לחקר הספרות והתרבות היהודית והישראלית,quick_links,public,https://bgu.ac.il/u/research-centers/heksherim
bgu_links,ממילואים ללימודים,ממילואים ללימודים,ממילואים ללימודים,quick_links,public,https://bgu.ac.il/welcome/contents/pre-registration/miluim-limudim
bgu_links,מניעת הטרדה מינית באוניברסיטה,מניעת הטרדה מינית באוניברסיטה,מניעת הטרדה מינית באוניברסיטה,quick_links,public,https://bgu.ac.il/general/protect
bgu_links,"מנכ""ל וסגן נשיא","מנכ""ל וסגן נשיא","מנכ""ל וסגן נשיא",quick_links,public,https://bgu.ac.il/general/management-director-general
bgu_links,מעון ויצו לגיל הרך - בית פאני,מעון ויצו לגיל הרך - בית פאני,מעון ויצו לגיל הרך - בית פאני,quick_links,public,https://in.bgu.ac.il/daycare/Pages/default.aspx
bgu_links,מעורבות חברתית,מעורבות חברתית,מעורבות חברתית,quick_links,public,https://bgu.ac.il/u/outreach/social-outreach
bgu_links,מרכז אילן רמון,מרכז אילן רמון,מרכז אילן רמון,quick_links,public,https://bgu.ac.il/u/academic-affairs/jusidman/ilan-ramon
bgu_links,מרכז חוסידמן לנוער שוחר מדע,מרכז חוסידמן לנוער שוחר מדע,מרכז חוסידמן לנוער שוחר מדע,quick_links,public,https://bgu.ac.il/u/academic-affairs/jusidman
bgu_links,מרכז יזמות 360,מרכז יזמות 360,מרכז יזמות 360,quick_links,public,https://bgu.ac.il/yazamut/he
bgu_links,"מתווה חרבות ברזל תשפ""ו","מתווה חרבות ברזל תשפ""ו","מתווה חרבות ברזל תשפ""ו",quick_links,public,https://bgu.ac.il/welcome/mitve2026
bgu_links,נשיא האוניברסיטה,נשיא האוניברסיטה,נשיא האוניברסיטה,quick_links,public,https://bgu.ac.il/u/management/president
bgu_links,סגני הנשיא,סגני הנשיא,סגני הנשיא,quick_links,public,https://bgu.ac.il/u/management/president/vice-presidents
bgu_links,ספרייה,ספרייה,ספרייה,quick_links,public,https://in.bgu.ac.il/aranne/Pages/default.aspx
bgu_links,על אודות אוניברסיטת בן-גוריון בנגב,על אודות אוניברסיטת בן-גוריון בנגב,על אודות אוניברסיטת בן-גוריון בנגב,quick_links,public,https://bgu.ac.il/general/about-bgu
bgu_links,קורסים אקדמיים- לימודי צבירה,קורסים אקדמיים- לימודי צבירה,קורסים אקדמיים- לימודי צבירה,quick_links,public,https://bgu.ac.il/welcome/external-studies-center/syllabus/academic-course-to-accumulate-credit-points-pre-med
bgu_links,קטלוג תשתיות ושירותי המחקר (אנגלית),קטלוג תשתיות ושירותי המחקר (אנגלית),קטלוג תשתיות ושירותי המחקר (אנגלית),quick_links,public,https://bgu.ac.il/en/research-at-bgu/research-infrastructures
bgu_links,קידומטיקה לנוער - המועדון המתמטי למצוינות ויצירתיות,קידומטיקה לנוער - המועדון המתמטי למצוינות ויצירתיות,קידומטיקה לנוער - המועדון המתמטי למצוינות ויצירתיות,quick_links,public,https://bgu.ac.il/u/outreach/kidumatica
bgu_links,קמפוס אילת,קמפוס אילת,קמפוס אילת,quick_links,public,https://bgu.ac.il/u/campus/eilat
bgu_links,קמפוס ברגמן,קמפוס ברגמן,קמפוס ברגמן,quick_links,public,https://bgu.ac.il/u/campus/bergmann
bgu_links,רקטור,רקטור,רקטור,quick_links,public,https://bgu.ac.il/u/management/rector
bgu_links,רקטור,רקטור,רקטור,quick_links,public,https://bgu.ac.il/u/management/rector/about
bgu_links,שנתונים,שנתונים,שנתונים,quick_links,public,https://bgu.ac.il/u/academic-affairs/acadsec/shnaton
bgu_links,תוויות חניה וכרטיסים,תוויות חניה וכרטיסים,תוויות חניה וכרטיסים,quick_links,public,https://in.bgu.ac.il/security/Pages/%D7%9B%D7%A8%D7%98%D7%99%D7%A1%D7%99-%D7%A2%D7%95%D7%91%D7%93-%D7%95%D7%AA%D7%95%D7%95%D7%99%D7%95%D7%AA-%D7%97%D7%A0%D7%99%D7%94.aspx
bgu_links,תוכניות בין־לאומיות,תוכניות בין־לאומיות,תוכניות בין־לאומיות,quick_links,public,https://bgu.ac.il/en/vps/international
bgu_links,תוכניות הצטיינות ופרסי כניסה,תוכניות הצטיינות ופרסי כניסה,תוכניות הצטיינות ופרסי כניסה,quick_links,public,https://bgu.ac.il/welcome/excellent-program
bgu_links,תוכניות לעולות ולעולים חדשים,תוכניות לעולות ולעולים חדשים,תוכניות לעולות ולעולים חדשים,quick_links,public,https://bgu.ac.il/welcome/contents/special-study-tracks/aliyah
bgu_links,תולדות האוניברסיטה,תולדות האוניברסיטה,תולדות האוניברסיטה,quick_links,public,https://bgu.ac.il/general/bgu-milestones
bgu_links,תנאי קבלה לבוגרי ולבוגרות המכינות,תנאי קבלה לבוגרי ולבוגרות המכינות,תנאי קבלה לבוגרי ולבוגרות המכינות,quick_links,public,https://bgu.ac.il/welcome/contents/pre-registration/acceptance-after-mechina
